Patient ID,Name,Age,Gender,Blood Type,Medical Condition,Date of Admission,Doctor,Hospital,Insurance Provider,Billing Amount,Room Number,Admission Type,Discharge Date,Medication,Test Results
P00683,rachel dillon,3,Male,B+,Asthma,11/10/2024,Timothy Duncan,Gonzalez Group Hospital,UnitedHealthcare,-26332.41,110,Elective,11/15/2024,Lipitor,Normal
P00025,Mr. Jeremiah Reeves,51,Male,AB+,heart disease,16-03-2026,Paula Moreno,"FERRELL, JONES AND LEWIS HOSPITAL",Aetna,13508.38,334,URGENT,3/27/2026,Lipitor,Normal
P00855,MICHAEL BRADLEY,85,Female,B+,Asthma,2/25/2025,PHILIP CANNON,  Johnson-Doyle Hospital  ,Aetna,54420.62,283,urgent,3/1/2025,Ibuprofen,NORMAL
P00100,derek anderson,-5,Female,a+,Migraine,7/14/2025,Jeffrey Chavez,Campbell-Clark Hospital,Aetna,53960.56,585,Elective,7/18/2025,Paracetamol,Inconclusive
P00285,Travis Johnson,60,male,B+,Migraine,12/9/2025,Jessica Holmes,Gonzalez Group Hospital,Aetna,2826.95,295,Urgent,12/13/2025,Penicillin,Normal
P00710,Linda Campbell,4,Male,B+,Migraine,4/30/2026,Abigail Shaffer,"Patterson, Smith and Jones Hospital",Cigna,16521.98,210,Emergency,5/10/2026,Amlodipine,Inconclusive
P00908,Patrick Smith,41,Male,AB+,Asthma,3/1/2025,Gabrielle Davis,Walsh LLC Hospital,Medicare,5629.21,286,Elective,3/17/2025,Paracetamol,Normal
P00309,AMANDA SHIELDS,54,F,B-,Heart Disease,4/28/2025,ELIZABETH FOWLER,  Anderson-Bailey Hospital  ,UnitedHealthcare,-45103.08,562,urgent,5/11/2025,Paracetamol,INCONCLUSIVE
P00771,KELLY WATTS,27,Male,B-,OBESITY,7/24/2026,MICHAEL LEWIS,"  Rodriguez, Brennan and Garrison Hospital  ",Blue Cross,-21700.11,409,urgent,27-07-2026,Aspirin,INCONCLUSIVE
P00436,Joseph Jenkins,57,Female,,Migraine,12/19/2025,Nathan Maldonado,"Smith, Montoya and Evans Hospital",Cigna,44356.57,105,Emergency,12/27/2025,Lipitor,Normal
P00667,Andrew Gonzales,85,Male,a+,Asthma,5/30/2025,Mark Perez,"Ferrell, Jones and Lewis Hospital",Blue Cross Blue Shield,31196.98,493,Elective,,METFORMIN,Normal
P00164,Robin Hall,19,Female,AB-,Arthritis,10/4/2025,Danny Morgan,"Turner, Riggs and Roman Hospital",Humana,19040.49,289,Urgent,10/11/2025,Lipitor,Normal
P00233,Erin Anderson,43,female,A-,Diabetes,7/10/2025,Lisa Hensley,WILLIAMS-COOK HOSPITAL,Blue Cross,53191.21,361,Urgent,10/20/2025,Lipitor,Inconclusive
P00962,Scott Williams,64,Female,A-,Diabetes,8/15/2025,James Ferrell,Moore-Bass Hospital,Blue Cross,29361.17,158,Emergency,8/24/2025,Paracetamol,Inconclusive
P00921,Matthew Mitchell,25,F,B Positive,MIGRAINE,7/6/2026,Stephanie Ross,NOLAN-FLYNN HOSPITAL,Blue Cross,1241494,587,Emergency,8/7/2026,metformin,Inconclusive
P00169,ARTHUR WEST,25,F,AB+,hypertension,28-06-2025,ERIC CARNEY,TORRES-POPE HOSPITAL,UnitedHealthcare,31580.35,491,URGENT,6/30/2025,Aspirin,
P00706,Michelle Fletcher,17,Female,,Heart Disease,11/12/2025,Ryan Munoz,Nolan and Sons Hospital,Medicaid,23656.33,369,Elective,11/14/2025,Lipitor,Inconclusive
P00661,brendan long,-5,male,,,12/20/2025,Patty Perez,Torres-Pope Hospital,UnitedHealthcare,,,ELECTIVE,12/25/2025,penicillin,Normal
P00366,Lance Hebert,88,Female,A+,Diabetes,9/21/2024,Tricia Valencia,Campbell-Clark Hospital,Medicare,52640.26,544,Elective,10/5/2024,Amlodipine,Normal
P00257,Jenny Parsons,10,MALE,B-,Heart Disease,13-07-2026,Noah Rhodes,"CUNNINGHAM, STEWART AND GREEN HOSPITAL",Medicaid,12131.45,275,Emergency,7/14/2026,Amlodipine,abnormal
P00154,David Medina,28,Female,o-,Cancer,8/23/2026,Brian Ramirez,"Turner, Riggs and Roman Hospital",Humana,"$38,870.06 ",137,Elective,9/1/2026,Ibuprofen,Inconclusive
P00919,Kyle Davis,86,Male,ab-,Arthritis,4/18/2026,Noah Rhodes,"Smith, Montoya and Evans Hospital",,"$4,740.57 ",578,Emergency,4/25/2026,,Abnormal
P00687,AMBER ALVAREZ,83,Female,O-,Migraine,5/29/2026,ANGIE HENDERSON,"  Garcia, Humphrey and Baker Hospital  ",Cigna,27465.99,471,emergency,6/2/2026,Penicillin,ABNORMAL
P00862,RICHARD JOSEPH,150,Male,A-,Diabetes,12/26/2024,JOSHUA BLAIR,Hancock and SSons Hospital,MEDICARE,23733.51,256,Urgent,12/31/2024,Metformin,Normal
P00992,Jessica Wright,92,Male,AB+,Obesity,1/9/2025,Jessica Holmes,"Ferrell, Jones and Lewis Hospital",Humana,18991.36,430,Elective,1/28/2025,Penicillin,Abnormal
P00298,ana sanders,-5,Male,ab-,Hypertension,11/27/2024,Rebecca Henderson,Nolan-Flynn Hospital,,6174.01,185,Urgent,12/16/2024,Paracetamol,Inconclusive
P00095,Jon Bates,93,Female,AB-,Hypertension,12/20/2024,Jessica Holmes,"Cunningham, Stewart and Green Hospital",Cigna,47377.66,374,Emergency,12/28/2024,Penicillin,Abnormal
P00650,richard le,78,Female,O-,Diabetes,1/13/2026,Abigail Shaffer,Newton and Sons Hospital,Medicaid,19676.17,327,Urgent,1/16/2026,Ibuprofen,Normal
P00061,Michael West,48,F,,,2/16/2025,Jordan Henderson,"Tran, Jordan and Williams Hospital",CIGNA,,,ELECTIVE,2/26/2025,aspirin,Abnormal
P00010,Lisa Morris,21,Female,a-,Migraine,1/25/2025,Joshua Blair,White-Estes Hospital,United Healthcare,8829.85,370,Elective,1/29/2025,Lipitor,Normal
P00766,Logan Maxwell,54,Female,,Obesity,,Fred Smith,"Rivera, Johnson and Wiley Hospital",Aetna,"$19,020.31 ",390,Emergency,10/26/2025,Ibuprofen,Normal
P00787,Brian Prince,81,Female,B+,Arthritis,9/29/2025,Ethan Adams,"Mckee, Gardner and Davenport Hospital",Humana,33192.76,441,Elective,10/3/2025,Paracetamol,Abnormal
P00690,  Eric Manning  ,64,Female,B-,Cancer,8/5/2026,  Whitney Peters  ,Smith PLC Hospital,Aetna,43744.79,283,Elective,8/9/2026,Aspirin,Inconclusive
P00026,Steven Miller,65,Female,B+,Arthritis,2/12/2025,Gabrielle Davis,Davis Group Hospital,Cigna,29801.08,245,Emergency,2/15/2025,Penicillin,Inconclusive
P00853,Christine Whitehead,56,Female,B-,hypertension,2/17/2026,Carol Tucker,Torres-Pope Hospital,BlueCross,983.07,310,EMERGENCY,3/1/2026,Penicillin,Normal
P00358,MICHAEL TAYLOR,6,Male,O-,Heart Disease,4/23/2025,SARAH MOORE,Torres-Popee Hospital,BlueCross,"$41,764.64 ",593,Elective,4/27/2025,Paracetamol,Inconclusive
P00859,dustin jones,-5,Male,O+,Heart Disease,12/28/2025,  Cassandra Gaines  ,Figueroa PLC Hospital,UHC,-23916.75,142,Elective,1/8/2026,Ibuprofen,Inconclusive
P00229,David York,73,M,B+,diabetes,10/6/2025,John DDaniel,Harris-Walters Hospital,United Healthcare,6706.89,508,ELECTIVE,10/18/2025,Amlodipine,Inconclusive
P00501,Donald Padilla,,Male,AB+,HEART DISEASE,8/28/2024,Derek Zuniga,Moore-Bass Hospital,Medicaid,41835.09,540,Elective,31-08-2024,aspirin,Inconclusive
P00499,Matthew Foster,12,Male,A-,Migraine,11/28/2025,Ethan Adams,"Garcia, Humphrey and Baker Hospital",Medicaid,16765.06,245,Urgent,12/18/2025,Metformin,Inconclusive
P00578,Jorge Brown PhD,51,Female,A-,Heart Disease,11/26/2025,Donald Wright,Davis Group Hospital,Aetna,23700.52,385,Emergency,11/28/2025,Metformin,Inconclusive
P00878,Jasmine Hardin,94,Female,AB-,Asthma,9/7/2025,Gerald Hensley,Anderson-Bailey Hospital,UnitedHealthcare,24810.05,192,Elective,9/12/2025,Ibuprofen,Normal
P00139,Melanie Taylor,18,Male,AB Positive,Heart Disease,2/28/2026,Derek Zuniga,"Rodriguez, Brennan and Garrison Hospital",United Healthcare,43630.24,415,Emergency,3/11/2026,Paracetamol,Normal
P00172,Amanda Lutz,41,Male,o+,Obesity,4/2/2025,Sarah  Moore,"Tran, Jordan and Williams Hospital",medicare,51259.6,524,Urgent,4/13/2025,Lipitor,Abnormal
P00795,Melissa Thompson,47,Female,O+,Asthma,3/18/2026,Victoria Garcia,Patton-Jenkins Hospital,UnitedHealthcare,4860.87,358,Urgent,4/3/2026,Metformin,Abnormal
P00143,Jonathan Nelson,6,Female,AB-,Obesity,5/27/2026,Angie Henderson,Nolan-Flynn Hospital,Humana,48096.56,134,Elective,6/9/2026,Ibuprofen,Inconclusive
P00014,  Robert Hernandez  ,69,Male,B+,Heart Disease,2/12/2025,  Jordan Henderson  ,"Garcia, Humphrey and Baker Hospital",Cigna,44973.27,370,Urgent,2/28/2025,Penicillin,Normal
P00424,Erica Harris,74,Male,a-,Obesity,2/4/2026,Rebecca Henderson,Rasmussen LLC Hospital,UHC,7647.08,538,Elective,2/23/2026,Ibuprofen,Normal
P00684,Deborah Pena,51,Male,AB-,Diabetes,5/30/2026,Michele Williams,Johnson-Doyle Hospital,UnitedHealthcare,16568.31,534,Elective,6/6/2026,Metformin,Inconclusive
P00217,Emily Gonzales,88,F,a+,asthma,18-04-2025,Paula Moreno,"MORAN, ALLEN AND FOSTER HOSPITAL",,50866.68,400,,4/20/2025,,Inconclusive
P00757,SHELLY PHELPS,74,M,ab-,obesity,9/30/2024,JORDAN HENDERSON,  Anderson-Bailey Hospital  ,,48934.64,484,,10/14/2024,,
P00109,Aaron Barber,41,female,ab-,asthma,3/23/2026,Victoria Garcia,"Ferrell, Jones and Lewis Hospital",,17533.89,525,,3/27/2026,,Abnormal
P00548,Karen Perez,33,Male,A+,Diabetes,5/15/2026,Lisa Barnes,Anderson-Bailey Hospital,Aetna,40026.16,580,Urgent,5/23/2026,Metformin,Normal
P00114,Jane Mcneil,19,Female,A-,Asthma,8/5/2025,Daniel Wagner,Anderson-Bailey Hospital,Medicaid,10386.6,371,Emergency,8/6/2025,Penicillin,Abnormal
P00858,Tiffany Howard,14,Male,B+,Asthma,1/16/2025,Angelica Tucker,Torres-Pope Hospital,Aetna,6480.44,492,Urgent,1/21/2025,Ibuprofen,Normal
P00438,Jessica Case,25,Female,O Positive,Migraine,8/27/2025,James FFerrell,"Garcia, Humphrey and Baker Hospital",Medicaid,30377.56,477,Urgent,8/28/2025,Penicillin,Abnormal
P00327,James Cole,93,Male,O-,Obesity,5/17/2025,Nathan Maldonado,Hancock and Sons Hospital,UnitedHealthcare,37601.19,298,Urgent,5/28/2025,Paracetamol,Inconclusive
P00694,MICHAEL POWELL,-5,Female,o-,Hypertension,3/26/2026,CARLA GRAY,Nolan and Soons Hospital,CIGNA,9058.27,519,Emergency,4/7/2026,Paracetamol,Normal
P00446,Stephanie Ellison,31,Female,AB-,Diabetes,8/9/2026,Patty Perez,Walsh LLC Hospital,Medicare,53543.44,161,Elective,8/16/2026,Amlodipine,Normal
P00566,Pamela Henderson,76,Female,O+,Heart Disease,3/22/2025,Holly Wood,Harris-Walters Hospital,Blue Cross,39017.4,427,Elective,3/25/2025,Lipitor,Abnormal
P00948,Clayton Duran,3,Male,O-,Obesity,10/18/2025,Holly Wood,Dickson-Brady Hospital,Aetna,1659.14,558,Urgent,11/6/2025,Lipitor,Normal
,,,,,,,,,,,,,,,
P00448,Melinda Ramirez,81,Male,A+,Arthritis,3/11/2025,Carla Gray,Ross LLC Hospital,Humana,51231.26,154,Emergency,3/22/2025,Penicillin,Normal
P00111,mr. phillip bennett,77,Female,AB-,HYPERTENSION,7/17/2025,Lauren Daniels,Torres-Pope Hospital,Blue Cross,-53277.73,179,Urgent,19-07-2025,Penicillin,Normal
P00126,David Jenkins,65,Female,O-,Diabetes,5/14/2025,Richard Aguirre,May-Ross Hospital,Medicaid,34017.96,196,Elective,5/17/2025,Lipitor,Abnormal
P00723,Stephen Watson,1,Female,AB+,Asthma,5/24/2026,Allisonn Hill,Smith PLC Hospital,UnitedHealthcare,25119.94,239,Urgent,6/11/2026,Aspirin,Inconclusive
P00035,Ms. Susan Vargas,69,Female,A+,Hypertension,6/28/2026,Nathan Maldonado,Newton and Sons Hospital,Medicare,"$37,533.74 ",592,Elective,7/11/2026,Paracetamol,Normal
P00054,Julie Petersen,14,Male,AB+,Migraine,6/28/2026,Jessica Holmes,Campbell-Clark Hospital,Aetna,53077.28,403,Urgent,7/4/2026,Amlodipine,Inconclusive
P00772,Nicholas Olson,88,Female,AB+,Cancer,11/19/2025,Allison Hill,"Smith, Montoya and Evans Hospital",United Healthcare,27884.89,132,Elective,11/26/2025,Lipitor,Normal
P00951,Patty Bryant,,Male,A+,ASTHMA,5/5/2025,Michele WWilliams,"Mckee, Gardner and Davenport Hospital",Humana,6099.53,452,Urgent,25-05-2025,Penicillin,Normal
P00598,Amy Bates,55,Female,O+,Arthritis,6/9/2025,Noah Rhodes,Figueroa PLC Hospital,Cigna,8563.05,279,Elective,6/22/2025,Penicillin,Inconclusive
P00238,Kelsey Stanley,85,Female,O+,Diabetes,9/23/2025,Steve Sanchez,Campbell-Clark Hospital,UnitedHealthcare,10658.09,403,Elective,9/29/2025,Penicillin,Normal
P00325,Dennis Diaz,85,F,ab+,obesity,11/11/2024,Michele Williams,"Rodriguez, Brennan and Garrison Hospital",,900.44,272,,11/15/2024,,Abnormal
P00841,ROBERTO BARTLETT,29,Female,,,2/25/2025,JOSHUA BLAIR,WAGNER-KING HOSPITAL,United Healthcare,,,EMERGENCY,3/2/2025,amlodipine,
P00385,Jessica Frazier,73,F,AB-,migraine,23-12-2024,Patty Perez,"CUNNINGHAM, STEWART AND GREEN HOSPITAL",Cigna,8805.53,226,EMERGENCY,1/11/2025,Metformin,inconclusive
P00319,Victor Barrera,59,Male,AB-,Cancer,5/18/2026,Jeffrey Chavez,Nolan and Sons Hospital,Humana,14097.22,337,Urgent,5/20/2026,Penicillin,Inconclusive
P00654,Robert Johnson,12,Female,B-,Obesity,2/5/2025,Patty Perez,Smith PLC Hospital,UnitedHealthcare,34651.19,416,Elective,2/25/2025,Lipitor,Abnormal
P00799,BRENDA MORRISON,83,Male,O+,Diabetes,3/28/2025,BRIAN RAMIREZ,"  Wright, Garcia and Deleon Hospital  ",Medicare,27180.54,183,emergency,4/10/2025,Amlodipine,
P00300,  Evan Jones  ,54,Male,O Positive,Heart Disease,10/19/2025,  Joshua Blair  ,Nolan-Flynn Hospital,Medicare,24383,292,Emergency,11/1/2025,Amlodipine,Abnormal
P00741,Danny Mercer,50,female,O+,HYPERTENSION,4/10/2026,Anthony Humphrey,"Moran, Allen and Foster Hospital",UnitedHealthcare,1078.06,364,Elective,,lipitor,Normal
P00432,Angela Meyers,51,Male,A-,Hypertension,9/12/2025,Victoria Garcia,Rasmussen LLC Hospital,Aetna,11976.15,113,Elective,9/15/2025,Lipitor,Normal
P00418,Terry Turner,31,Male,AB+,Cancer,1/30/2025,Anthony Rodriguez,Campbell-Clark Hospital,Humana,40672.62,227,Urgent,2/15/2025,Aspirin,Normal
P00651,  Jason Jackson  ,,Female,A-,HYPERTENSION,9/29/2024,  Margaret Hawkins DDS  ,Davis Group Hospital,Medicare,11404.1,465,Urgent,12/10/2024,Amlodipine,Normal
P00669,Michael Morton,85,F,O-,Obesity,1/16/2026,Angela Lopez,"Cunningham, Stewart and Green Hospital",Cigna,45773.11,596,Emergency,1/31/2026,Metformin,Inconclusive
P00946,TINA CHARLES,78,Male,,Migraine,,PAULA MORENO,"Mckee, Gardner and  Davenport Hospital",,15653.64,200,Emergency,9/16/2024,Amlodipine,Abnormal
P00726,Michael Moreno,91,Female,AB+,Cancer,1/14/2025,Fred Smith,"Tran, Jordan and Williams Hospital",Blue Cross,53890.4,335,Urgent,1/23/2025,Aspirin,Normal
P00610,RICHARD WALKER,18,Female,AB-,Asthma,11/21/2024,ELIZABETH FOWLER,"Moran, Allen and  Foster Hospital",Medicaid,38162.26,517,Emergency,12/1/2024,Ibuprofen,Normal
P00453,Rachel Norris,69,female,B-,Heart Disease,6/1/2025,Jordan Henderson,"Smith, Montoya and Evans Hospital",Medicare,36376.77,244,Elective,6/4/2025,Penicillin,Inconclusive
P00733,John Smith,36,Male,A+,obesity,7/4/2025,Whitney Peters,"Shields, Cochran and Adams Hospital",AETNA,40224.99,580,ELECTIVE,7/21/2025,Metformin,Inconclusive
P00719,Christopher Sandoval,13,Female,B+,Migraine,5/14/2025,Fred Smith,Williams-Cook Hospital,UnitedHealthcare,16742.33,582,Emergency,5/16/2025,Paracetamol,Normal
P00205,Blake Edwards,27,female,AB+,diabetes,7/9/2025,Stephanie Ross,Campbell-Clark Hospital,Medicaid,"$12,327.40 ",160,URGENT,7/27/2025,Amlodipine,Abnormal
P00572,Amy Wade,15,Female,B-,Hypertension,11/17/2024,Rebecca Henderson,Hancock and Sons Hospital,Humana,13038.45,202,Elective,11/28/2024,Ibuprofen,Normal
P00927,Jennifer Gonzalez,48,Male,AB+,Obesity,6/12/2025,Nathan Maldonado,"Patterson, Smith and Jones Hospital",Humana,914.48,562,Elective,6/25/2025,Metformin,Normal
P00243,vincent mueller,37,Male,B+,Arthritis,2/12/2025,Richard Aguirre,Johnson-Carlson Hospital,Aetna,-9594.17,543,Elective,3/2/2025,Paracetamol,Abnormal
P00960,JAVIER TAYLOR,16,Male,AB-,Migraine,8/5/2025,STEPHANIE ROSS,"Smith, Montoya and Evans Hospital",UnitedHealthcare,19681.65,357,Elective,8/20/2025,Lipitor,Abnormal
P00171,Susan Hopkins,6,Male,B+,ARTHRITIS,11/17/2025,Victoria Garcia,Walker Ltd Hospital,UnitedHealthcare,"$27,754.25 ",176,Urgent,30-11-2025,Lipitor,Normal
P00579,Raymond Shannon,17,Female,AB+,Cancer,12/24/2024,Jamie Arnold,"Moran, Allen and Foster Hospital",UnitedHealthcare,"$52,271.40 ",442,Elective,1/7/2025,Ibuprofen,Inconclusive
P00973,Jennifer Barron,59,female,ab+,hypertension,1/26/2026,Noah Rhodes,Gonzalez Group Hospital,,24123.55,175,,1/30/2026,,Normal
P00968,Jordan Hampton,13,Female,AB-,Heart Disease,3/21/2025,Connor West,Nolan-Flynn Hospital,Medicare,42751.48,231,Urgent,3/26/2025,Penicillin,Abnormal
P00955,Clinton Coleman,34,Female,a-,Arthritis,7/26/2026,Whitney Peters,Davis Group Hospital,Medicaid,12807.76,431,Urgent,8/11/2026,AMLODIPINE,Normal
P00206,Mark Roberts,150,Male,O+,Cancer,7/4/2025,Jordan Henderson,"Mckee, Gardner and Davenport Hospital",Humana,38411.63,244,Elective,7/12/2025,Penicillin,Inconclusive
P00510,Tara Thompson,74,Female,B+,Hypertension,9/21/2025,Brittany Farmer,"Mckee, Gardner and Davenport Hospital",Medicaid,46411.11,116,Elective,10/9/2025,Penicillin,Normal
P00165,Linda Ramirez,150,female,O-,Cancer,3/14/2026,Lisa Jackson,Suarez LLC Hospital,Aetna,13674.71,248,Elective,3/25/2026,Amlodipine,Inconclusive
P00263,Rachel Romero,31,Female,O+,Hypertension,7/22/2026,Rebecca Henderson,Gonzalez Group Hospital,Medicaid,43217.19,404,Emergency,7/24/2026,Lipitor,Normal
P00027,  Christian Lewis  ,84,Male,AB+,Hypertension,12/13/2024,  Derek Zuniga  ,Williams-Cook Hospital,Aetna,33836.44,555,Emergency,12/23/2024,Metformin,Inconclusive
P00058,David Ramirez,32,Female,O+,Arthritis,8/16/2025,Daniel  Wagner,Gonzalez Group Hospital,Humana,48548.9,266,Emergency,8/25/2025,Penicillin,Normal
P00047,Kevin Rivas,54,Male,B Negative,Migraine,7/14/2026,Eric Carney,"Rivera, Johnson and Wiley Hospital",Medicaid,30072.31,110,Urgent,7/25/2026,Penicillin,Abnormal
P00278,Brian Murphy,8,Female,B+,Cancer,1/3/2025,Cassandra Gaines,Williams-Cook Hospital,Humana,32758.32,261,Elective,1/6/2025,Metformin,Inconclusive
P00989,  Joseph Watts  ,90,M,O-,Migraine,12/2/2024,  Shannon Jones  ,"Smith, Montoya and Evans Hospital",Aetna,21819.81,245,Elective,12/11/2024,Paracetamol,Inconclusive
P00747,Alexandra Fisher,6,Female,B-,Diabetes,1/22/2025,Zachary Hicks,Wagner-King Hospital,UnitedHealthcare,6214.21,419,Emergency,1/28/2025,Ibuprofen,Abnormal
P00099,LISA JIMENEZ,63,Female,AB+,Diabetes,10/3/2024,SHANE HENDERSON,  Harris-Walters Hospital  ,UnitedHealthcare,36193.24,327,emergency,10/17/2024,Amlodipine,ABNORMAL
P00644,Sarah Townsend,31,Female,B-,Asthma,1/20/2026,Michele Williams,Newton and Sons Hospital,Blue Cross,44418.37,596,Elective,2/2/2026,Penicillin,Abnormal
P00636,Charles Bush,10,Female,AB+,Migraine,5/21/2026,William Baker,"Mckee, Gardner and Davenport Hospital",Blue Cross,19428.75,312,Elective,5/28/2026,Aspirin,Inconclusive
P00652,HEATHER BENNETT,41,Female,O-,Asthma,6/23/2025,NATHAN MALDONADO,Newton and Soons Hospital,Medicaid,37873.56,403,Elective,7/13/2025,Amlodipine,Abnormal
P00819,Mrs. Tonya Moss,25,Male,AB-,Asthma,7/19/2025,Paula Moreno,"Wright, Garcia and Deleon Hospital",Medicare,40861.68,477,Emergency,7/30/2025,Aspirin,Normal
P00147,Ryan Grant,48,Female,O+,Heart Disease,12/30/2025,Eric Carney,"Tran, Jordan and Williams Hospital",Blue Cross,15390.31,354,Urgent,1/10/2026,Penicillin,Abnormal
P00793,april fitzgerald,-5,MALE,b+,cancer,28-08-2025,Rebecca Henderson,TORRES-POPE HOSPITAL,AETNA,-51635.96,318,,9/2/2025,PENICILLIN,Abnormal
P00044,Tracey Higgins,57,Female,O-,Asthma,5/21/2025,Victoria Garcia,Patton-Jenkins Hospital,Cigna,32952.15,484,Emergency,6/8/2025,Amlodipine,Inconclusive
P00663,Karen Davis,37,Female,AB+,Arthritis,4/19/2026,Michael Lewis,"Garcia, Humphrey and Baker Hospital",Cigna,50979.92,477,Elective,5/1/2026,Amlodipine,Normal
P00665,Kaitlin Jacobson,56,MALE,O-,Diabetes,17-11-2024,Timothy Duncan,NOLAN-FLYNN HOSPITAL,Medicaid,38974.98,387,Elective,11/23/2024,Penicillin,Abnormal
P00064,HEATHER CHAVEZ,6,Male,ab+,Asthma,8/23/2026,CONNOR WEST,Suarez LLCC Hospital,Humana,7398.77,106,Urgent,9/10/2026,Aspirin,Abnormal
P00674,Vickie Hernandez,48,Male,O+,Migraine,9/6/2025,Jamie Arnold,"Brewer, Bryant and Hickman Hospital",Medicare,41728.74,274,Elective,9/9/2025,Metformin,Normal
P00916,Ariel Romero,82,Male,,Asthma,3/20/2026,Gabrielle Davis,Walsh LLC Hospital,United Healthcare,15206.72,141,Elective,4/3/2026,Amlodipine,Inconclusive
P00337,LORI CARLSON,63,F,B-,asthma,12/6/2026,DANNY MORGAN,"MORAN, ALLEN AND FOSTER HOSPITAL",BlueCross,54789.57,214,URGENT,6/23/2026,Ibuprofen,
P00039,Julie Curry,39,Female,A+,Obesity,6/29/2025,Sherri  Baker,Harris-Walters Hospital,UnitedHealthcare,34045.56,502,Urgent,7/5/2025,Lipitor,Inconclusive
P00468,Christopher Hill,19,Male,AB-,Hypertension,3/9/2025,Victoria Garcia,May-Ross Hospital,Medicaid,43357.07,125,Urgent,3/19/2025,Penicillin,Abnormal
P00558,Christine Lawson,25,Male,B-,Heart Disease,5/6/2026,Eric Carney,"Ferrell, Jones and Lewis Hospital",Humana,8126.89,376,Urgent,5/13/2026,Aspirin,Abnormal
P00361,Anthony Mack,66,F,,,,Judy Baker,HARRIS-WALTERS HOSPITAL,MEDICARE,,,,4/11/2025,METFORMIN,Abnormal
P00565,Tiffany Sanders,6,M,A-,migraine,1/29/2025,Margaret Hawkins DDS,"Moran, Allen and Foster Hospital",UHC,50949.32,141,EMERGENCY,2/6/2025,Paracetamol,Normal
P00223,Larry Mason,58,Female,A-,Diabetes,10/16/2025,Jamie Arnold,Nolan-Flynn Hospital,Medicare,10712.85,147,Urgent,,Lipitor,Abnormal
P00938,Harry Nichols,67,Male,B-,Arthritis,4/1/2026,Dylan Miller,Harris-Walters Hospital,Aetna,29709.5,267,Emergency,4/2/2026,Ibuprofen,Normal
P00564,Kevin Smith,9,Male,AB+,Asthma,8/16/2026,Mark Perez,"Garcia, Humphrey and Baker Hospital",Medicaid,9952.9,289,Urgent,9/4/2026,Ibuprofen,Abnormal
P00871,Leah Vincent,69,Male,,,6/7/2025,Amber Kidd,"Wright, Garcia and Deleon Hospital",Medicare,,499,Elective,6/20/2025,Penicillin,Inconclusive
P00356,Cynthia Williams,38,Female,A-,Diabetes,11/12/2024,Patty Perez,Gonzalez Group Hospital,Blue Cross,45728.67,520,Urgent,11/24/2024,Metformin,Inconclusive
P00790,Cheryl Morgan,5,Male,O-,Arthritis,1/29/2025,Derek Zuniga,Walsh LLC Hospital,CIGNA,11639,429,Emergency,2/11/2025,Lipitor,Abnormal
P00306,Denise Weber,61,Male,AB+,Migraine,1/15/2025,Victoria Garcia,Gonzalez Group Hospital,Medicaid,53749.64,235,Emergency,1/25/2025,Metformin,Inconclusive
P00141,CARLOS BROWNING,15,Female,A+,CANCER,9/18/2024,LISA JACKSON,  Figueroa PLC Hospital  ,UnitedHealthcare,25412.69,100,urgent,8/10/2024,aspirin,NORMAL
P00458,Kevin James,68,Male,B+,Migraine,5/26/2025,Michele Williams,May-Ross Hospital,Cigna,10825.59,445,Elective,6/8/2025,Metformin,Inconclusive
,,,,,,,,,,,,,,,
P00554,BRENDA MARTINEZ,90,Female,O+,Diabetes,1/30/2025,AMBER KIDD,Gonzalez Group Hospital,UnitedHealthcare,15020.79,323,Elective,2/12/2025,Amlodipine,Inconclusive
P00738,joy meyer,31,Male,O-,Hypertension,9/27/2024,Richard Aguirre,"Rivera, Johnson and Wiley Hospital",Aetna,28822.29,143,Emergency,10/8/2024,Paracetamol,Abnormal
P00816,Jessica Perez,92,Male,B+,Arthritis,5/22/2026,Eric Carney,Walsh LLC Hospital,Blue Cross,24201.69,468,Elective,5/26/2026,Metformin,Abnormal
P00601,Brandy Carrillo,,F,,,2/11/2025,Tommy Walter,"WRIGHT, GARCIA AND DELEON HOSPITAL",CIGNA,,,ELECTIVE,2/20/2025,paracetamol,Abnormal
P00062,Jared Sanchez,93,Male,AB-,Hypertension,9/6/2024,James Brown,Newton and Sons Hospital,Blue Cross,13064.32,210,Urgent,9/15/2024,Penicillin,Abnormal
P00811,Megan Hoffman,90,Female,,,,Megan Young,Moore-Bass Hospital,,,371,Elective,7/25/2025,,Normal
P00633,Anthony Guzman,63,Male,B-,Arthritis,31-12-2024,Donald Wright,TORRES-POPE HOSPITAL,Humana,31703.36,491,Urgent,1/11/2025,Aspirin,Normal
P00512,TIFFANY WASHINGTON,57,Male,O-,Asthma,11/20/2025,MATTHEW FOSTER,"Tran, Jordan and Williams Hospital",UnitedHealthcare,50277.78,475,Urgent,11/27/2025,Aspirin,Abnormal
P00737,Elizabeth Brown,4,FEMALE,AB Positive,Cancer,8/11/2024,Michele Williams,"RODRIGUEZ, BRENNAN AND GARRISON HOSPITAL",Blue Cross,26658.17,590,Elective,11/9/2024,Amlodipine,normal
P00592,Alexandra Rogers,72,Male,AB-,Arthritis,12/2/2025,Lisa Jackson,Nolan and Sons Hospital,UnitedHealthcare,10555.06,376,Emergency,12/14/2025,Lipitor,Abnormal
P00803,Vanessa Thompson,55,Female,AB+,Migraine,11/29/2024,Sarah Moore,"Patterson, Smith and Jones Hospital",Medicaid,9537.39,310,Urgent,12/13/2024,Amlodipine,Normal
P00604,Ann Aguirre,75,Female,o+,Obesity,7/29/2025,Victoria Garcia,Moore-Bass Hospital,Cigna,41133.32,362,Urgent,8/18/2025,Lipitor,Normal
P00815,patrick harris,15,Female,B-,Cancer,8/1/2026,Stephanie Ross,"Garcia, Humphrey and Baker Hospital",Humana,-49354.27,583,Urgent,,Metformin,Normal
P00254,thomas kennedy,74,Male,O Negative,Arthritis,12/9/2024,Abigail Shaffer,"Brewer, Bryant and Hickman Hospital",Aetna,18907.66,420,Elective,12/19/2024,Paracetamol,Normal
P00331,andrew reeves,-5,Male,,,6/14/2025,Crystal Robinson,Smith PLC Hospital,Humana,,537,Emergency,7/4/2025,Ibuprofen,Normal
P00263,Rachel Romero,31,Female,O+,Hypertension,7/22/2026,Rebecca Henderson,Gonzalez Group Hospital,Medicaid,43217.19,404,Emergency,7/24/2026,Lipitor,Normal
P00110,Mary Grimes,48,Male,A+,Arthritis,4/29/2026,Brian Ramirez,Hancock and Sons Hospital,Cigna,41080.1,547,Urgent,5/3/2026,Amlodipine,Abnormal
P00791,Mark Powers,30,Female,AB-,CANCER,3/1/2026,Justin Baker,Ross LLC Hospital,Aetna,41405.02,564,Urgent,11/3/2026,Ibuprofen,Inconclusive
P00320,michelle lee,31,Female,O-,Heart Disease,4/11/2026,Ethan Adams,"Rodriguez, Brennan and Garrison Hospital",Medicare,37624,382,Elective,4/15/2026,Aspirin,Normal
P00759,Alexandra Taylor,4,Male,O-,Cancer,5/9/2026,Nathan Maldonado,"Ferrell, Jones and Lewis Hospital",Cigna,15379.56,561,Emergency,5/20/2026,Aspirin,Inconclusive
P00627,Nancy Gallagher,22,Female,O+,Asthma,9/19/2025,Brittany Farmer,"Wright, Garcia and Deleon Hospital",UnitedHealthcare,48716.16,491,Emergency,9/29/2025,Lipitor,Inconclusive
P00149,Deborah James,40,Female,O+,Asthma,5/21/2025,Timothy Duncan,Nolan-Flynn Hospital,UnitedHealthcare,36520.1,121,Urgent,,Amlodipine,Abnormal
P00923,Samuel Galvan,70,Female,AB-,Hypertension,8/21/2025,Ethan Adams,"Shields, Cochran and Adams Hospital",UnitedHealthcare,19669.23,291,Emergency,9/4/2025,Lipitor,Inconclusive
P00611,Michael Pace,40,Male,B-,ASTHMA,1/16/2025,Monica Herrera,Johnson-Doyle Hospital,Medicaid,37998.57,490,Emergency,21-01-2025,Paracetamol,Normal
P00260,LAURA HIGGINS,79,Female,B-,Hypertension,9/20/2025,LISA HENSLEY,"Turner, Riggs and Roman Hospital",Humana,50634.23,163,Urgent,,Metformin,Abnormal
P00535,Madison Terry,73,Female,AB-,Hypertension,11/1/2024,Amy Silva,"Rodriguez, Brennan and Garrison Hospital",Medicaid,53813.72,140,Emergency,11/3/2024,Metformin,Inconclusive
P00734,Tiffany Mcclain,42,Female,O+,Obesity,9/19/2025,Brian Ramirez,Walker Ltd Hospital,UnitedHealthcare,47035.36,353,Elective,9/21/2025,Lipitor,Normal
P00500,Joanna Jordan,72,Male,O-,Arthritis,2/15/2026,Cristian Santos,Anderson-Bailey Hospital,Humana,31689.4,253,Elective,3/7/2026,Aspirin,Abnormal
P00319,Victor Barrera,59,Male,AB-,Cancer,5/18/2026,Jeffrey Chavez,Nolan and Sons Hospital,Humana,14097.22,337,Urgent,5/20/2026,Penicillin,Inconclusive
P00129,Julia Estrada,83,female,A-,Arthritis,10/2/2025,Lisa Hensley,RASMUSSEN LLC HOSPITAL,Medicaid,43512.87,297,Elective,2/12/2025,Aspirin,inconclusive
P00697,Curtis Richardson,47,Male,O-,asthma,30-09-2024,Noah Rhodes,WALKER LTD HOSPITAL,Aetna,43806.1,143,ELECTIVE,10/17/2024,Aspirin,Abnormal
P00587,Patricia Collins,27,Male,AB+,Migraine,5/28/2026,William Baker,"Turner, Riggs and Roman Hospital",UnitedHealthcare,27549.92,277,Elective,6/2/2026,Penicillin,Inconclusive
P00846,  Timothy James  ,53,Female,A-,Hypertension,11/11/2025,  Ryan Munoz  ,Davis Group Hospital,Aetna,52136.28,184,Urgent,11/14/2025,Paracetamol,Normal
P00187,Hayley Hawkins,24,Male,O-,Arthritis,8/12/2025,James Ferrell,"Cunningham, Stewart and Green Hospital",Cigna,36974.44,296,Emergency,8/25/2025,Penicillin,Abnormal
P00488,Ashley Garcia,55,Female,A+,Migraine,4/24/2025,Paula Moreno,Dickson-Brady Hospital,Medicare,48873.49,580,Urgent,5/9/2025,Lipitor,Inconclusive
P00571,David Middleton,15,Male,,,7/22/2026,Sarah  Moore,"Rivera, Johnson and Wiley Hospital",Cigna,,314,Emergency,7/23/2026,Metformin,Inconclusive
P00467,Caroline Adams,29,Male,A+,Migraine,9/9/2025,Richard Aguirre,White-Estes Hospital,Medicare,27880.89,358,Emergency,9/20/2025,Ibuprofen,Abnormal
P00486,Carol Salazar,50,Female,O-,Asthma,2/22/2025,Margaret Hawkins DDS,Campbell-Clark Hospital,Blue Cross,10526.72,116,Elective,3/6/2025,Amlodipine,Normal
P00596,STEVEN ELLIS,83,Male,B-,Obesity,5/5/2026,JUDY BAKER,"Moran, Allen and Foster Hospital",Aetna,"$3,499.33 ",375,Elective,5/16/2026,Metformin,Inconclusive
P00751,Valerie Howard,,Female,,,3/16/2026,Brent Jordan,Davis Group Hospital,Cigna,,514,Elective,3/21/2026,Metformin,Normal
P00586,  Amber Morales  ,59,Male,,Migraine,,  Ethan Adams  ,Figueroa PLC Hospital,AETNA,10765.27,155,Emergency,2/7/2025,Aspirin,Normal
P00472,Jeffrey Colon,57,Male,B-,Cancer,5/17/2026,Shane Henderson,"Smith, Montoya and Evans Hospital",Humana,34463.43,472,Emergency,6/1/2026,Paracetamol,Inconclusive
P00481,David Moore,55,F,,,12/4/2024,William Baker,"TURNER, RIGGS AND ROMAN HOSPITAL",Blue Cross Blue Shield,,,EMERGENCY,12/12/2024,lipitor,inconclusive
P00135,Adam Grimes,74,Female,O-,Obesity,4/23/2026,Joshua Blair,Torres-Pope Hospital,Medicare,20547.33,314,Emergency,4/30/2026,Amlodipine,Normal
P00612,  Sylvia Jones  ,6,Male,A-,Diabetes,10/25/2024,  Amber Kidd  ,"Rivera, Johnson and Wiley Hospital",Aetna,41774.7,340,Emergency,11/10/2024,Aspirin,Normal
P00243,vincent mueller,37,Male,B+,Arthritis,2/12/2025,Richard Aguirre,Johnson-Carlson Hospital,Aetna,-9594.17,543,Elective,3/2/2025,Paracetamol,Abnormal
P00602,Jerry Edwards,72,Female,B-,Diabetes,11/12/2024,Allison Hill,"Smith, Montoya and Evans Hospital",Cigna,17063.33,253,Urgent,12/1/2024,Amlodipine,Inconclusive
P00160,Amy Hill,67,Female,A-,Obesity,6/15/2026,Judy Baker,Rasmussen LLC Hospital,Cigna,19358.26,164,Urgent,6/23/2026,Aspirin,Inconclusive
P00409,Gregory Schneider,5,female,O+,obesity,5/10/2025,Angela Lopez,SMITH PLC HOSPITAL,Humana,"$4,862.17 ",519,EMERGENCY,10/17/2025,Metformin,Abnormal
P00368,Jonathan Nelson,6,Female,AB+,Obesity,6/6/2026,Holly Wood,"Garcia, Humphrey and Baker Hospital",Medicare,7004.78,533,Elective,6/23/2026,Paracetamol,Abnormal
P00410,Melissa Russell,85,Female,B-,Diabetes,5/30/2025,Angela Lopez,Torres-Pope Hospital,Medicare,1083.72,457,Emergency,6/14/2025,Lipitor,Normal
P00049,Kylie Williams,52,M,O-,asthma,5/4/2026,Lisa Barnes,ROSS LLC HOSPITAL,Aetna,36953.61,564,ELECTIVE,4/16/2026,Lipitor,inconclusive
P00075,David Grant,64,Female,O+,Diabetes,7/19/2026,Brent Jordan,Anderson-Bailey Hospital,Cigna,22934.66,229,Elective,,Paracetamol,Abnormal
P00245,Paula Shaw,36,M,AB+,Asthma,7/13/2025,Brent Jordan,May-Ross Hospital,Medicaid,16418.9,495,Elective,7/21/2025,Lipitor,Inconclusive
P00980,dave rojas,92,Female,O-,Arthritis,7/6/2026,Shannon Jones,"Shields, Cochran and Adams Hospital",UnitedHealthcare,51450.95,592,Elective,7/23/2026,Penicillin,Normal
P00352,  Gregory Mejia  ,36,Male,b-,Migraine,6/10/2026,  Danny Morgan  ,Davis Group Hospital,,13628.6,335,Elective,6/21/2026,Amlodipine,Inconclusive
P00514,Michael Wallace Jr.,88,Male,ab-,Heart Disease,6/20/2025,Connie LLawrence,Suarez LLC Hospital,,51312.39,492,Urgent,6/30/2025,Metformin,Abnormal
P00286,Jacob Wallace,24,Female,,Heart Disease,12/15/2024,Carla  Gray,"Brewer, Bryant and Hickman Hospital",medicare,12202.03,417,Urgent,12/27/2024,Ibuprofen,Inconclusive
P00677,  Rodney Hernandez  ,85,FEMALE,AB-,Obesity,1/6/2026,  Amy Silva  ,Anderson-Bailey Hospital,Humana,5649.4,357,Emergency,1/20/2026,Paracetamol,Inconclusive
P00701,ALEXANDER WILLIAMS,,Female,B-,HYPERTENSION,4/24/2026,AMBER KIDD,  Rasmussen LLC Hospital  ,Cigna,28865.6,366,elective,29-04-2026,amlodipine,INCONCLUSIVE
P00622,Richard Cooper,83,Female,ab-,Heart Disease,1/28/2026,Megan Young,Dickson-Brady Hospital,,32853.92,361,Elective,2/16/2026,Ibuprofen,Abnormal
P00504,Emily Price,79,Male,AB+,Cancer,8/17/2025,Allison Hill,Moore-Bass Hospital,Aetna,44534.93,338,Urgent,9/2/2025,Amlodipine,Normal
P00543,Bradley Beck,34,Male,A+,Asthma,11/1/2024,John Daniel,Dickson-Brady Hospital,UnitedHealthcare,3460.76,254,Elective,11/13/2024,Metformin,Inconclusive
P00055,David Michael,39,Male,a+,Arthritis,11/1/2025,James Brown,Johnson-Doyle Hospital,,6053.62,289,Emergency,11/9/2025,,Inconclusive
P00396,William Davenport,43,Male,O-,Heart Disease,6/8/2025,Gerald Hensley,Harris-Walters Hospital,Medicare,23096.45,182,Urgent,6/16/2025,Amlodipine,Abnormal
P00098,Sean Murray,69,Male,O+,Heart Disease,4/20/2026,Shane Henderson,Ross LLC Hospital,UnitedHealthcare,5796.96,400,Urgent,4/24/2026,Metformin,Normal
P00963,  Daniel King  ,69,Male,AB+,Cancer,11/5/2024,  Lisa Barnes  ,Dickson-Brady Hospital,UnitedHealthcare,13512.81,301,Emergency,,Ibuprofen,Inconclusive
P00404,  Wyatt Young  ,1,Male,A+,Migraine,3/15/2026,  Justin Baker  ,"Mckee, Gardner and Davenport Hospital",UnitedHealthcare,798.09,285,Emergency,3/22/2026,Ibuprofen,Abnormal
P00450,Charles Hoover,72,Female,O-,Cancer,9/5/2024,Brittney Phillips,Newton and Sons Hospital,Medicare,39011.12,278,Elective,9/21/2024,Metformin,Abnormal
P00295,ISAIAH WALKER,85,Female,A-,Arthritis,1/18/2026,ELIZABETH FOWLER,"  Mckee, Gardner and Davenport Hospital  ",Blue Cross Blue Shield,20860.7,599,emergency,1/21/2026,Metformin,
P00128,Kathleen Aguilar,68,Male,AB-,Arthritis,5/31/2025,Sherri Baker,"Wright, Garcia and Deleon Hospital",UnitedHealthcare,54508.74,496,Elective,6/15/2025,Metformin,Inconclusive
P00624,ROBERT CAMPBELL,49,Female,B+,Obesity,11/4/2025,LISA BARNES,Johnson-Carlson Hospital,Aetna,53477.95,489,Emergency,11/5/2025,Metformin,Inconclusive
P00774,Alexandra Michael,92,Female,O+,Asthma,6/8/2026,Mark Perez,Davis Group Hospital,Blue Cross,38667.25,560,Urgent,6/20/2026,Metformin,Abnormal
P00419,colton figueroa,11,Female,A+,Diabetes,6/20/2026,Gerald HHensley,Nolan and Sons Hospital,Medicare,-7033.38,261,Elective,6/24/2026,Lipitor,Abnormal
P01000,Brandon Smith,57,Female,o+,Hypertension,7/11/2025,Brittney Phillips,Anderson-Bailey Hospital,,44186.98,500,Urgent,,Aspirin,Normal
P00378,  Teresa Richardson  ,83,Male,A+,Hypertension,1/11/2026,  Philip Cannon  ,Torres-Pope Hospital,Aetna,29648.47,248,Urgent,1/15/2026,Aspirin,Inconclusive
P00524,Robin Trujillo,31,Male,B+,Heart Disease,11/18/2025,Eric Carney,"Ferrell, Jones and Lewis Hospital",Cigna,32684.21,206,Urgent,12/1/2025,Lipitor,Abnormal
P00081,Julie Johnson,75,Female,B+,HEART DISEASE,6/19/2025,James Brown,"RODRIGUEZ, BRENNAN AND GARRISON HOSPITAL",Cigna,4614244,270,Urgent,29-06-2025,amlodipine,inconclusive
P00159,William Richardson,17,Female,A+,Hypertension,2/13/2025,Tracy House,"Smith, Montoya and Evans Hospital",Cigna,10416.99,184,Emergency,3/4/2025,Aspirin,Inconclusive
P00483,Tammy Kane,19,Male,AB-,Migraine,10/24/2025,Crystal Robinson,"Patterson, Smith and Jones Hospital",UnitedHealthcare,10535.37,481,Urgent,10/28/2025,Metformin,Abnormal
P00427,David Hudson,43,Female,AB-,Arthritis,3/28/2025,Whitney Peters,Rasmussen LLC Hospital,Humana,25017.09,231,Elective,4/1/2025,Paracetamol,Abnormal
P00808,Derek Floyd,62,Female,A-,Diabetes,10/2/2024,Gina Moore,Walsh LLC Hospital,Humana,32417.73,589,Emergency,10/3/2024,Metformin,Inconclusive
P00686,Jennifer Foster,68,Male,O+,Arthritis,11/19/2025,Jordan Henderson,"Ferrell, Jones and Lewis Hospital",Cigna,39428.82,557,Urgent,11/27/2025,Penicillin,Abnormal
P00889,David Anderson,94,female,B+,hypertension,11/12/2025,Fred Smith,"TURNER, RIGGS AND ROMAN HOSPITAL",Blue Cross Blue Shield,31992.44,492,ELECTIVE,,Aspirin,Abnormal
P00673,AMANDA DUNCAN,13,F,B-,heart disease,9/6/2025,RICHARD AGUIRRE,"WRIGHT, GARCIA AND DELEON HOSPITAL",UnitedHealthcare,20067.91,237,URGENT,6/14/2025,Lipitor,
P00516,Richard Cunningham,21,Female,A-,Diabetes,2/5/2025,Lisa Barnes,Rasmussen LLC Hospital,Medicare,15359.65,152,Emergency,2/9/2025,Lipitor,Abnormal
P00818,Nathaniel Lee,92,Female,O+,Cancer,2/15/2026,Zacharyy Hicks,Williams-Cook Hospital,Aetna,21047.06,248,Emergency,2/26/2026,Paracetamol,Normal
P00823,Sarah Turner,91,Female,A+,Arthritis,3/13/2026,Carla Gray,Harris-Walters Hospital,Humana,27478.89,475,Emergency,3/20/2026,Metformin,Inconclusive
P00925,MEGAN WARD,-5,Male,O-,hypertension,1/17/2026,TIMOTHY DUNCAN,  Torres-Pope Hospital  ,medicare,-34086.19,512,EMERGENCY,1/18/2026,Metformin,
P00351,KENNETH DANIELS,,Male,A+,ASTHMA,2/3/2026,JESSICA CALLAHAN,"  Rodriguez, Brennan and Garrison Hospital  ",Humana,8601.67,353,emergency,16-02-2026,Paracetamol,ABNORMAL
P00317,David Martinez,12,MALE,O-,Cancer,9/5/2025,Crystal Robinson,Gonzalez Group Hospital,Humana,33471.36,364,Elective,9/19/2025,Amlodipine,Normal
P00180,Erik Scott,62,Male,B-,Obesity,2/9/2026,Whitney Peters,Walsh LLC Hospital,Blue Cross,36250.48,155,Urgent,2/24/2026,Metformin,Inconclusive
P00893,Theresa Robinson,18,F,O-,Asthma,2/8/2026,Jordan Henderson,Hancock and Sons Hospital,Blue Cross,46756.96,207,Emergency,2/20/2026,Paracetamol,Inconclusive
P00595,andrew hall,-5,Male,ab+,Diabetes,12/7/2024,Danny Morgan,Johnson-Carlson Hospital,,-8098.57,212,Elective,12/9/2024,,Normal
P00597,Kathy Walsh,51,M,O-,Arthritis,2/22/2026,Megan Young,White-Estes Hospital,Medicare,53683.25,583,Emergency,2/25/2026,Metformin,Abnormal
P00123,Brandon Good,33,Male,B+,Asthma,3/23/2025,Ryan Munoz,Newton and Sons Hospital,Humana,6102.85,421,Elective,3/31/2025,Penicillin,Inconclusive
P00911,JOSHUA CUNNINGHAM,34,Male,A+,CANCER,10/26/2025,WHITNEY PETERS,"  Cunningham, Stewart and Green Hospital  ",Blue Cross,28073.86,536,emergency,9/11/2025,Aspirin,ABNORMAL
P00473,Elizabeth Morrison,80,M,AB+,Diabetes,13-12-2025,Anthony Humphrey,MOORE-BASS HOSPITAL,Cigna,13746.13,330,Elective,12/15/2025,Paracetamol,Abnormal
P00758,Jessica Wilson,75,Male,O-,Arthritis,5/15/2025,Shannon Jones,Patton-Jenkins Hospital,UnitedHealthcare,19660.83,321,Elective,6/1/2025,Aspirin,Abnormal
P00887,Jennifer Rivera,86,Female,AB+,Arthritis,4/14/2026,Michele Williams,Walsh LLC Hospital,UnitedHealthcare,8686.99,438,Elective,4/28/2026,Aspirin,Inconclusive
P00529,brandi thomas,-5,Male,O+,asthma,17-12-2025,Cassandra Gaines,SMITH PLC HOSPITAL,CIGNA,-54470.76,561,URGENT,12/29/2025,Paracetamol,normal
P00455,Larry Austin,50,Female,AB+,Diabetes,2/10/2025,John Pierce,Wagner-King Hospital,Medicare,31620.16,467,Emergency,2/12/2025,Paracetamol,Normal
P00900,Sherry Schmidt,52,Female,B+,Diabetes,6/15/2026,Shane Henderson,Johnson-Doyle Hospital,Blue Cross,36072.15,238,Emergency,6/26/2026,Paracetamol,Normal
P00915,Barbara Hall,5,Female,A+,Arthritis,12/3/2024,Michael Lewis,"Rodriguez, Brennan and Garrison Hospital",Blue Cross,17950.17,127,Emergency,12/10/2024,Amlodipine,Normal
P00420,Suzanne Dominguez,66,Female,O+,Cancer,2/21/2026,Lauren Daniels,"Turner, Riggs and Roman Hospital",Aetna,10466.52,369,Elective,3/9/2026,Penicillin,Inconclusive
P00173,Brian Joseph,3,Female,AB-,Hypertension,5/6/2026,Mark Perez,"Rivera, Johnson and Wiley Hospital",Cigna,16838.59,507,Urgent,5/25/2026,Amlodipine,Inconclusive
P00672,cynthia evans,84,Male,A-,Obesity,7/10/2026,Connor West,Johnson-Doyle Hospital,Medicaid,16029.01,512,Elective,7/23/2026,Metformin,Inconclusive
P00335,Justin Wells Jr.,1,Male,B-,Arthritis,9/1/2025,Brittany Farmer,"Turner, Riggs and Roman Hospital",Aetna,1476.43,296,Urgent,9/8/2025,Lipitor,Abnormal
P00398,David Murray,73,Male,AB+,Hypertension,7/1/2025,Stephanie Ross,Patton-Jenkins Hospital,Medicare,33164.98,341,Elective,7/14/2025,Ibuprofen,Normal
P00272,Andrew Lucas,5,Female,B-,Arthritis,4/13/2026,James Ferrell,Hancock and Sons Hospital,Medicaid,51248.22,263,Elective,4/19/2026,Amlodipine,Normal
P00221,janice carpenter,80,female,B-,HYPERTENSION,10/30/2024,Monica Herrera,Walsh LLC Hospital,Blue Cross,-5170.33,294,Urgent,12/11/2024,amlodipine,Inconclusive
P00990,Elizabeth Cannon,39,Male,O Negative,Diabetes,8/19/2025,Philip Cannon,"Turner, Riggs and Roman Hospital",UnitedHealthcare,1100.57,551,Urgent,9/1/2025,Penicillin,Abnormal
P00464,Linda Mueller,28,Male,AB-,Heart Disease,10/29/2024,Ethan Adams,Gonzalez Group Hospital,Humana,31514.04,560,Urgent,11/11/2024,Metformin,Inconclusive
P00016,Michelle Cruz,76,Male,,Diabetes,6/3/2026,Ryan Munoz,Smith PLC Hospital,Blue Cross,18925.66,134,Emergency,6/6/2026,Amlodipine,Abnormal
P00570,Emily Kim,56,Female,AB-,Heart Disease,12/13/2025,Connie Lawrence,Suarez LLC Hospital,Medicaid,16036.02,126,Urgent,12/25/2025,Ibuprofen,Normal
P00390,Amy Shannon,79,Male,B+,Heart Disease,1/18/2026,Margaret Hawkins DDS,Newton and Sons Hospital,Medicare,46715.01,585,Urgent,1/26/2026,Metformin,Normal
P00713,Cynthia Brown,53,FEMALE,B-,Migraine,9/1/2025,Anthony Humphrey,ROSS LLC HOSPITAL,Aetna,36715.38,590,Urgent,1/29/2025,Penicillin,Inconclusive
P00322,Jim Allen,87,Male,AB+,Migraine,10/29/2024,Amber Kidd,"Moran, Allen and Foster Hospital",Humana,35782.2,499,Urgent,11/6/2024,Paracetamol,Abnormal
P00802,Melissa Morse,21,Male,a-,Hypertension,1/25/2025,Eric Carney,Dickson-Brady Hospital,Medicaid,52371.91,400,Emergency,2/13/2025,Lipitor,Normal
P00860,Mr. Matthew Steele,24,Male,AB+,Hypertension,1/13/2025,Nathan Maldonado,Davis Group Hospital,Medicaid,40244.05,520,Elective,1/18/2025,Ibuprofen,Abnormal
P00526,KENNETH FARLEY,57,Male,,Migraine,8/10/2026,GABRIELLE DAVIS,White-Estess Hospital,AETNA,5822.14,450,Urgent,8/28/2026,Amlodipine,Abnormal
P00508,  Charles Price  ,81,Female,AB-,Heart Disease,11/18/2024,  Crystal Robinson  ,Smith PLC Hospital,Humana,26741.51,366,Elective,11/23/2024,Lipitor,Inconclusive
P00148,DENNIS MARTINEZ,11,Female,A-,Migraine,10/30/2024,MEGAN YOUNG,Newton and Soons Hospital,medicare,15036.28,250,Elective,11/16/2024,Paracetamol,Normal
P00397,julie ball,-5,MALE,b+,diabetes,2/28/2026,Lauren Daniels,"Smith, Montoya and Evans Hospital",AETNA,-13780.03,185,,3/1/2026,IBUPROFEN,Inconclusive
P00658,Matthew Lawson,48,Female,a-,Diabetes,1/21/2026,Victoria Garcia,"Turner, Riggs and Roman Hospital",Humana,49949.39,265,Urgent,2/5/2026,Penicillin,Inconclusive
P00907,Kyle Stephens,79,Male,B+,Heart Disease,6/21/2026,Lisa Hensley,"Cunningham, Stewart and Green Hospital",BlueCross,13531.53,492,Elective,7/4/2026,Lipitor,Normal
P00052,Julia Hernandez,84,Male,A+,Cancer,5/16/2025,Judy Baker,"Moran, Allen and Foster Hospital",Medicare,"$35,932.85 ",178,Emergency,5/24/2025,Ibuprofen,Abnormal
P00832,Nathaniel Johnson,90,Male,O+,Heart Disease,11/15/2024,Gabrielle Davis,Walker Ltd Hospital,Humana,10576.5,399,Urgent,12/3/2024,Metformin,Inconclusive
P00329,Jake Hatfield,150,female,B+,Arthritis,27-11-2024,Jamie Arnold,WAGNER-KING HOSPITAL,Cigna,5819.37,214,Urgent,12/7/2024,Amlodipine,Abnormal
P00023,christopher hensley,75,Female,B+,Diabetes,6/18/2026,Amber Kidd,Anderson-Bailey Hospital,Humana,-3615.51,195,Emergency,6/29/2026,Lipitor,Normal
P00271,Eric Sanders,15,Male,,,,Noah Rhodes,Davis Group Hospital,,,341,Elective,6/22/2026,,Normal
P00902,Todd Gregory,26,Male,B-,Obesity,9/23/2025,Monica Herrera,May-Ross Hospital,Medicare,"$10,732.04 ",122,Urgent,10/3/2025,Amlodipine,Abnormal
P00744,Linda Williams,70,Male,B+,Heart Disease,3/11/2026,Brittany Farmer,White-Estes Hospital,Cigna,32309.79,249,Elective,3/21/2026,Paracetamol,Inconclusive
P00210,connie maxwell,46,Male,B+,Heart Disease,5/23/2026,Tommy WWalter,Ross LLC Hospital,Medicaid,40436.09,590,Emergency,5/29/2026,Lipitor,Normal
P00290,Logan Benson,21,Male,B-,Cancer,1/21/2026,Debra Davidson,Ross LLC Hospital,Humana,"$54,978.51 ",505,Urgent,2/9/2026,Paracetamol,Normal
P00143,Jonathan Nelson,6,Female,AB-,Obesity,5/27/2026,Angie Henderson,Nolan-Flynn Hospital,Humana,48096.56,134,Elective,6/9/2026,Ibuprofen,Inconclusive
P00051,John Hamilton,,Female,O+,OBESITY,9/3/2024,Monica Herrera,"Rodriguez, Brennan and Garrison Hospital",Aetna,41987.02,483,Urgent,14-09-2024,Paracetamol,Abnormal
P00167,Hunter Kramer,51,Female,B-,Cancer,5/20/2026,Amy Silva,Nolan-Flynn Hospital,Aetna,5407.68,125,Elective,5/21/2026,Penicillin,Inconclusive
P00805,Terri Mckinney,54,Female,AB+,migraine,10/10/2025,Patty Perez,Newton and Sons Hospital,Cigna,42669.03,195,URGENT,10/13/2025,Ibuprofen,Normal
P00952,Emily Smith,93,Female,A+,Diabetes,11/20/2024,Nathan Maldonado,"Brewer, Bryant and Hickman Hospital",Aetna,5296.91,124,Elective,11/26/2024,Paracetamol,Abnormal
P00082,Scott Jones,42,Male,b-,Migraine,3/23/2025,Anthony Rodriguez,Hancock and Sons Hospital,,25316.28,262,Urgent,4/5/2025,Penicillin,Inconclusive
P00340,Jamie Underwood,88,Male,AB+,Migraine,2/3/2026,Lisa Hensley,Walker Ltd Hospital,CIGNA,11699.47,418,Urgent,2/8/2026,Metformin,Normal
P00696,Anthony Johnson,86,Male,B+,Migraine,5/26/2026,Anthony Rodriguez,"Turner, Riggs and Roman Hospital",Humana,20155.07,319,Elective,6/9/2026,Penicillin,Abnormal
P00914,patricia sanders,95,Female,A-,Obesity,8/17/2026,Brent Jordan,"Brewer, Bryant and Hickman Hospital",Medicare,12088.62,179,Elective,9/2/2026,Ibuprofen,Inconclusive
P00067,kevin wolf,-5,Female,O-,Obesity,2/15/2026,Sarah Moore,Johnson-Doyle Hospital,CIGNA,-42775.3,391,Urgent,2/23/2026,Paracetamol,Inconclusive
P00532,Patricia Powell,86,Male,b+,Diabetes,10/19/2024,Ryan Munoz,"Moran, Allen and Foster Hospital",Blue Cross Blue Shield,16221.66,469,Elective,10/24/2024,Metformin,Abnormal
P00664,  Vanessa Wells  ,85,Female,A+,Cancer,1/23/2025,  Carla Gray  ,Smith PLC Hospital,Blue Cross,"$46,990.33 ",193,Emergency,2/10/2025,Penicillin,Abnormal
P00509,Jenny Tucker,3,male,AB-,Arthritis,11/3/2025,Gabrielle Davis,"Smith, Montoya and Evans Hospital",Cigna,30757.16,530,Emergency,11/14/2025,Aspirin,Abnormal
P00541,Zachary Blankenship,23,F,,,,Tommy Walter,Walker Ltd Hospital,,,,,9/4/2026,,Normal
P00284,Cameron Young,34,Male,A+,Hypertension,1/2/2026,Judy Baker,Patton-Jenkins Hospital,Humana,32236.65,165,Emergency,1/5/2026,Amlodipine,Abnormal
P00884,Stacy Smith,54,Male,A+,Cancer,5/4/2025,Daniel Wagner,Wagner-King Hospital,UnitedHealthcare,6089.85,297,Emergency,5/14/2025,Aspirin,Inconclusive
P00519,JEFFERY FITZGERALD,89,Female,AB-,Obesity,7/13/2025,SHERRY DECKER,  Campbell-Clark Hospital  ,Medicaid,34806.15,488,urgent,,Amlodipine,INCONCLUSIVE
P00065,Nathan Stewart,24,MALE,AB+,Heart Disease,6/4/2025,Dylan Miller,"FERRELL, JONES AND LEWIS HOSPITAL",UnitedHealthcare,24505.55,351,Emergency,4/22/2025,Lipitor,inconclusive
P00903,shaun wolfe,150,Female,A+,Arthritis,7/6/2025,Sherri Baker,Dickson-Brady Hospital,Medicare,-3118.67,199,Elective,7/8/2025,Amlodipine,Abnormal
P00265,heather jones,-5,M,A+,migraine,24-05-2025,Jessica Callahan,FIGUEROA PLC HOSPITAL,Medicaid,-1251.74,464,URGENT,5/27/2025,Amlodipine,Abnormal
P00865,Matthew Miller,33,FEMALE,ab-,arthritis,15-08-2025,Elizabeth Fowler,MOORE-BASS HOSPITAL,,23984.46,442,,8/19/2025,,inconclusive
P00583,Mary Walker,47,Male,A-,Cancer,4/4/2026,Derek Zuniga,"Tran, Jordan and Williams Hospital",Blue Cross,2727.65,376,Emergency,4/24/2026,Metformin,Abnormal
P00515,Connie Johnson,40,Male,AB-,Cancer,10/12/2025,Matthew Foster,Figueroa PLC Hospital,Cigna,31977.01,372,Elective,10/13/2025,Amlodipine,Abnormal
P00021,Emily Fischer,52,M,B+,MIGRAINE,9/17/2025,Allison Hill,"Wright, Garcia and Deleon Hospital",Cigna,26734.03,574,Elective,3/10/2025,aspirin,Abnormal
P00740,Paul Martin DVM,72,Male,AB+,Migraine,8/23/2026,Danny Morgan,Suarez LLC Hospital,Medicare,37427.26,485,Elective,8/27/2026,Ibuprofen,Inconclusive
P00777,Jamie Montoya,33,male,A+,Heart Disease,30-08-2025,Daniel Wagner,"FERRELL, JONES AND LEWIS HOSPITAL",Medicaid,25076.01,455,Urgent,9/13/2025,Metformin,Abnormal
P00985,Sherry Graham,150,male,O-,cancer,24-07-2025,Dylan Miller,"FERRELL, JONES AND LEWIS HOSPITAL",AETNA,34739.05,178,URGENT,8/3/2025,Paracetamol,Inconclusive
P00297,Julie Bird,74,Female,A+,Asthma,15-05-2025,Megan Young,"MCKEE, GARDNER AND DAVENPORT HOSPITAL",Humana,52208.95,595,Urgent,,Ibuprofen,Inconclusive
P00844,Amber Charles,19,Female,AB+,Diabetes,10/10/2024,Shane Henderson,Davis Group Hospital,Medicaid,36337.18,411,Elective,10/15/2024,Metformin,Abnormal
,,,,,,,,,,,,,,,
P00262,Kelly Ward,89,Male,ab+,Cancer,1/8/2025,Tracy House,White-Estes Hospital,Medicare,42953.85,196,Urgent,1/18/2025,Penicillin,Abnormal
P00660,Tammy Fernandez,86,Male,A+,Obesity,6/20/2025,Jessica Callahan,Johnson-Carlson Hospital,UnitedHealthcare,54822.3,254,Elective,7/2/2025,Metformin,Abnormal
P00505,HAROLD ELLIS,54,female,a+,arthritis,7/6/2025,ANGELICA TUCKER,RASMUSSEN LLC HOSPITAL,Humana,44076.26,426,,6/14/2025,PARACETAMOL,
P00984,Kimberly Garza,87,Male,B-,Asthma,12/1/2024,Whitney Peters,Gonzalez Group Hospital,Blue Cross,40855.78,214,Urgent,12/5/2024,Metformin,Normal
P00814,Richard Jennings,25,Male,A+,Asthma,5/30/2025,Donald Wright,Anderson-Bailey Hospital,CIGNA,16515.53,526,Urgent,6/12/2025,Lipitor,Abnormal
P00474,christopher sanders,28,Male,AB+,Heart Disease,1/15/2026,Lisa Barnes,"Smith, Montoya and Evans Hospital",Medicaid,40830.71,457,Urgent,1/22/2026,Paracetamol,Abnormal
P00835,Wesley Ayala,85,Male,B-,Obesity,10/24/2024,Connie Lawrence,Walker Ltd Hospital,Humana,23556.3,250,Urgent,10/30/2024,Lipitor,Abnormal
P00189,Lisa Leonard,91,Female,A-,Obesity,10/9/2025,Shane Henderson,Johnson-Carlson Hospital,Blue Cross,37891.01,212,Emergency,10/22/2025,Penicillin,Normal
P00252,Brad Walker,48,Female,O-,Arthritis,5/25/2025,Amy Silva,"Cunningham, Stewart and Green Hospital",Humana,38361.35,496,Urgent,6/3/2025,Paracetamol,Inconclusive
P00072,Vincent King,77,Male,O+,Arthritis,8/9/2025,Megan Young,Williams-Cook Hospital,Aetna,24357.86,146,Emergency,8/25/2025,Metformin,Inconclusive
P00735,Alicia Smith,54,Female,AB-,Diabetes,3/1/2026,Jessica Holmes,Campbell-Clark Hospital,Cigna,3059.57,141,Urgent,3/9/2026,Amlodipine,Normal
P00376,Julie Moore,20,Male,,Arthritis,2/13/2025,Cristian Santos,Anderson-Bailey Hospital,AETNA,41205.55,127,Emergency,2/16/2025,Amlodipine,Abnormal
P00345,James Frye,87,FEMALE,O+,Hypertension,24-08-2026,Lisa Hensley,"BREWER, BRYANT AND HICKMAN HOSPITAL",Aetna,20131.7,536,Emergency,9/3/2026,Metformin,Inconclusive
P00912,Jennifer Harris DDS,10,Male,O+,Heart Disease,11/15/2025,Jamie Arnold,Nolan-Flynn Hospital,UnitedHealthcare,31572.29,339,Urgent,11/21/2025,Lipitor,Abnormal
P00362,Parker Jefferson,84,Male,AB-,Hypertension,12/14/2025,Philip  Cannon,Rasmussen LLC Hospital,UnitedHealthcare,53982.78,398,Urgent,12/19/2025,Metformin,Inconclusive
P00809,Brianna Brown,67,Male,O+,Obesity,13-08-2026,Connor West,"RODRIGUEZ, BRENNAN AND GARRISON HOSPITAL",Humana,5777.88,272,Urgent,8/15/2026,Penicillin,Abnormal
P00944,Heather Maxwell,150,Female,AB Negative,Asthma,4/27/2026,Paula Moreno,Moore-Bass Hospital,Aetna,13869.84,263,Urgent,5/9/2026,Paracetamol,Inconclusive
P00373,Mrs. Taylor Smith,88,Female,O+,hypertension,11/2/2024,Eric Carney,Williams-Cook Hospital,MEDICARE,52759.88,470,ELECTIVE,11/10/2024,Paracetamol,Inconclusive
P00412,Brianna Ford,95,Male,A-,Obesity,2/5/2025,Whitney Peters,"Rivera, Johnson and Wiley Hospital",CIGNA,28716.98,277,Elective,2/12/2025,Ibuprofen,Inconclusive
P00563,Carrie Ruiz,95,Female,AB-,Hypertension,6/28/2025,Lauren Daniels,Ross LLC Hospital,Blue Cross,18885.2,264,Emergency,7/12/2025,Amlodipine,Normal
P00692,Thomas Russell,44,Female,A+,Obesity,10/29/2024,Carla Gray,Torres-Pope Hospital,Medicare,14551.31,442,Emergency,11/14/2024,Metformin,Normal
P00466,Wendy Sanchez,78,Male,,Diabetes,2/5/2026,Brittany Farmer,Walker Ltd Hospital,AETNA,41248.49,263,Urgent,2/13/2026,Lipitor,Normal
P00826,jennifer bailey,-5,Male,,Heart Disease,12/19/2024,Margaret Hawkins DDS,May-Ross Hospital,BlueCross,18126.31,326,Urgent,12/24/2024,Penicillin,Abnormal
P00453,Rachel Norris,69,female,B-,Heart Disease,6/1/2025,Jordan Henderson,"Smith, Montoya and Evans Hospital",Medicare,36376.77,244,Elective,6/4/2025,Penicillin,Inconclusive
P00685,Christopher Powell,38,MALE,o-,migraine,10/17/2025,Connorr West,Torres-Pope Hospital,Medicare,40343.78,471,,11/6/2025,METFORMIN,Abnormal
P00400,LISA MAYER,3,Male,O+,Asthma,9/17/2024,MEGAN YOUNG,Suarez LLCC Hospital,Blue Cross,7705.62,343,Urgent,9/30/2024,Lipitor,Normal
P00363,Jennifer Monroe,69,Female,O+,Diabetes,9/21/2024,Tracy House,Suarez LLC Hospital,Aetna,37246.27,295,Emergency,10/5/2024,Paracetamol,Inconclusive
P00840,Benjamin Thompson,35,Male,A-,Migraine,1/31/2026,Gabrielle Davis,"Tran, Jordan and Williams Hospital",Medicaid,13988.62,145,Elective,2/20/2026,Aspirin,Abnormal
P00456,ERIN WALTERS,11,Female,A+,Arthritis,11/3/2025,WHITNEY PETERS,Hancock and Sons Hospital,Humana,51098,288,Urgent,11/19/2025,Paracetamol,Inconclusive
P00219,Joel Johnson,45,Male,A-,Migraine,5/9/2025,Anthony Rodriguez,"Ferrell, Jones and Lewis Hospital",Cigna,27793.21,409,Urgent,5/12/2025,Lipitor,Abnormal
P00240,Lori Orr,82,Female,O+,Migraine,1/4/2025,Sarah Moore,Moore-Bass Hospital,Cigna,29260.47,280,Elective,1/20/2025,Lipitor,Normal
P00527,Robin Taylor,85,Male,A-,Cancer,9/5/2025,Derek Zuniga,"Rivera, Johnson and Wiley Hospital",Humana,27439.09,425,Emergency,9/16/2025,Amlodipine,Normal
P00531,Lori Brooks,56,Male,B+,HEART DISEASE,12/6/2024,Derek Zuniga,Campbell-Clark Hospital,Medicare,22628.78,296,Elective,19-12-2024,Amlodipine,Abnormal
P00193,Valerie Davis,54,F,A+,heart disease,14-10-2024,Brittany Farmer,"MORAN, ALLEN AND FOSTER HOSPITAL",UnitedHealthcare,7690.97,230,EMERGENCY,10/29/2024,Metformin,normal
P00490,Joel Frazier,67,Male,B-,Obesity,2/2/2025,Timothy Duncan,Dickson-Brady Hospital,CIGNA,30894.7,496,Elective,2/4/2025,Penicillin,Normal
P00192,Charles Sandoval,67,Female,A-,Cancer,5/8/2025,Amy Silva,Gonzalez Group Hospital,Aetna,18382.41,560,Urgent,5/14/2025,Penicillin,Normal
P00348,Diana Evans,87,Female,B+,Migraine,8/13/2025,Philip Cannon,Johnson-Carlson Hospital,Aetna,44223.43,541,Urgent,8/29/2025,Amlodipine,Inconclusive
P00709,Zachary Levy,15,male,AB-,obesity,10/26/2025,Connie Lawrence,Walker Ltd Hospital,BlueCross,46951.32,160,ELECTIVE,11/15/2025,Aspirin,Abnormal
P00452,megan fernandez,150,Female,B+,Diabetes,10/13/2025,Lisa Barnes,Nolan and Sons Hospital,Humana,42787.53,417,Emergency,10/14/2025,Aspirin,Inconclusive
P00133,ashley james,-5,male,O+,asthma,8/25/2026,Margaret Hawkins DDS,Newton and Sons Hospital,Humana,-2557.24,454,URGENT,9/11/2026,Amlodipine,Normal
P00715,JONATHAN PHILLIPS,67,Male,O-,Diabetes,12/5/2024,BRIAN RAMIREZ,  Ross LLC Hospital  ,BlueCross,"$52,672.46 ",592,emergency,12/7/2024,Aspirin,
P00253,MIGUEL ROGERS,90,FEMALE,a-,migraine,4/14/2025,STEPHANIE ROSS,  Johnson-Doyle Hospital  ,Humana,35098.81,208,,4/29/2025,ASPIRIN,
P00879,Matthew Garcia,94,Male,AB+,Diabetes,5/31/2026,Brittany Farmer,"Garcia, Humphrey and Baker Hospital",Blue Cross,31546.36,518,Elective,6/7/2026,Metformin,Inconclusive
P00755,  Nathaniel Conway  ,67,Female,B+,Arthritis,3/17/2026,  Shane Henderson  ,Walker Ltd Hospital,Medicaid,20897.5,347,Urgent,4/3/2026,Penicillin,Abnormal
P00264,Amanda Hughes,17,Female,O+,Arthritis,9/8/2024,William Baker,Newton and Sons Hospital,Humana,51398.88,341,Emergency,9/20/2024,Paracetamol,Inconclusive
P00071,ADAM MITCHELL,40,Female,O-,HYPERTENSION,2/26/2026,JOHN DANIEL,"  Patterson, Smith and Jones Hospital  ",Medicaid,3750.27,306,elective,1/3/2026,Lipitor,INCONCLUSIVE
P00273,Amber Rios,65,Male,B+,Cancer,22-03-2025,Tracy House,"BREWER, BRYANT AND HICKMAN HOSPITAL",UnitedHealthcare,"$20,818.05 ",135,Elective,4/10/2025,Amlodipine,abnormal
P00979,Luke Miller,81,Female,B+,Migraine,8/23/2026,Michael Lewis,Suarez LLC Hospital,BlueCross,16704.71,369,Elective,8/26/2026,Metformin,Abnormal
P00328,Lisa Carr,44,Male,O-,Arthritis,9/30/2025,Jessica Callahan,"Patterson, Smith and Jones Hospital",Humana,44972.8,187,Urgent,10/19/2025,Lipitor,Normal
P00116,Evelyn Garcia,85,Female,O Negative,Heart Disease,11/25/2024,Mark Perez,Walsh LLC Hospital,Blue Cross,15329.6,486,Urgent,11/28/2024,Paracetamol,Abnormal
P00324,Donna Smith,45,Female,AB+,Cancer,5/3/2026,John DDaniel,"Patterson, Smith and Jones Hospital",Medicaid,"$49,303.82 ",366,Urgent,5/17/2026,Penicillin,Inconclusive
P00974,NICOLE MEYER,80,Male,AB+,Heart Disease,3/18/2026,SHERRI BAKER,"Ferrell, Jones and Lewis Hospital",Humana,53183.6,250,Emergency,4/4/2026,Penicillin,Normal
P00829,Ashley Reed,51,FEMALE,ab+,asthma,2/25/2026,Joshua Blair,Anderson-Bailey Hospital,Humana,6974.74,337,,2/27/2026,PENICILLIN,Abnormal
P00492,Angelica Guerra,42,Female,A+,Asthma,3/28/2025,Brent Jordan,"Rivera, Johnson and Wiley Hospital",Medicaid,21922.14,558,Emergency,4/2/2025,Penicillin,Normal
P00421,DAVID MORRIS,51,male,,,1/21/2026,TRACY HOUSE,"  Shields, Cochran and Adams Hospital  ",CIGNA,,,EMERGENCY,1/23/2026,paracetamol,
P00628,vickie price,-5,Female,O-,Asthma,7/18/2026,Jessica CCallahan,Smith PLC Hospital,UHC,36474.28,234,Elective,8/3/2026,Lipitor,Abnormal
P00782,mary bryant,49,Male,B-,Arthritis,6/6/2026,Rebecca Henderson,Campbell-Clark Hospital,Aetna,754.28,108,Elective,6/26/2026,Paracetamol,Normal
P00447,Melissa Knight,75,Female,B+,Arthritis,2/8/2025,Jamie Arnold,Davis Group Hospital,Blue Cross,53301.5,355,Emergency,2/9/2025,Metformin,Inconclusive
P00460,Richard Moore,53,Female,ab-,Cancer,3/8/2025,Brittney Phillips,Ross LLC Hospital,,"$46,544.54 ",292,Urgent,3/19/2025,Metformin,Abnormal
P00880,Denise Harmon,10,Female,B-,Heart Disease,8/2/2026,Danny Morgan,Suarez LLC Hospital,Medicaid,4285.25,369,Emergency,8/9/2026,Metformin,Normal
P00454,Haley Davis,67,Male,A+,Asthma,10/21/2024,Ethan Adams,"Brewer, Bryant and Hickman Hospital",BlueCross,6520.3,154,Elective,11/1/2024,Ibuprofen,Normal
P00447,Melissa Knight,75,Female,B+,Arthritis,2/8/2025,Jamie Arnold,Davis Group Hospital,Blue Cross,53301.5,355,Emergency,2/9/2025,Metformin,Inconclusive
P00279,Mitchell Jackson,35,Male,A-,Cancer,3/29/2025,Derek Zuniga,"Rivera, Johnson and Wiley Hospital",Aetna,17834.15,179,Emergency,4/9/2025,Ibuprofen,Abnormal
P00794,  Kevin Glass  ,32,Female,B+,Cancer,10/3/2025,  Elizabeth Fowler  ,Figueroa PLC Hospital,Medicare,39831.22,329,Urgent,10/9/2025,Ibuprofen,Abnormal
P00656,Benjamin Mcmahon,92,Male,B-,Obesity,6/5/2026,Sherri Baker,Gonzalez Group Hospital,UnitedHealthcare,6958.92,166,Elective,6/21/2026,Amlodipine,Normal
P00003,Renee Mcdaniel,20,Male,AB-,Hypertension,7/9/2025,Jamie Arnold,"Wright, Garcia and Deleon Hospital",Aetna,19043.65,283,Elective,7/23/2025,Lipitor,Abnormal
P00230,Brittany Miller,53,Female,B+,Obesity,7/30/2026,Rebecca Henderson,Williams-Cook Hospital,Medicaid,45133.62,178,Urgent,8/2/2026,Penicillin,Abnormal
P00997,Jesse Chavez,63,FEMALE,AB+,cancer,12/2/2024,Judy Baker,"Garcia, Humphrey and Baker Hospital",United Healthcare,11166.63,516,URGENT,12/9/2024,Amlodipine,Normal
P00939,DUSTIN ROSS,62,Male,A-,Arthritis,1/19/2026,JORDAN HENDERSON,  Figueroa PLC Hospital  ,UnitedHealthcare,15083.68,481,elective,1/24/2026,Penicillin,INCONCLUSIVE
P00972,Erik Delgado,54,Female,AB+,Cancer,10/21/2024,Connie Lawrence,"Rivera, Johnson and Wiley Hospital",Medicare,21810.93,459,Elective,11/1/2024,Amlodipine,Inconclusive
P00867,Monica Mcclain,76,Male,B-,Heart Disease,2/12/2026,Lisa Hensley,"Ferrell, Jones and Lewis Hospital",Medicare,7059.31,416,Elective,3/4/2026,Aspirin,Inconclusive
P00200,William Brown,94,Female,AB-,Cancer,4/7/2025,Elizabeth Fowler,"Smith, Montoya and Evans Hospital",Medicaid,13261.8,366,Emergency,4/17/2025,Penicillin,Abnormal
P00372,GARRETT MORALES,80,Female,A+,Hypertension,6/17/2025,ANGELICA TUCKER,Patton-Jenkins Hospital,Blue Cross,52291.8,563,Urgent,6/24/2025,Lipitor,Inconclusive
P00869,ANDREW GREEN,58,male,O+,Hypertension,3/10/2026,GERALD HENSLEY,  Hancock and Sons Hospital  ,Medicare,49272.76,576,urgent,3/22/2026,Amlodipine,NORMAL
P00877,David Barnett,82,MALE,O-,cancer,2/10/2025,Fred Smith,Walsh LLC Hospital,BlueCross,47916.41,397,URGENT,2/19/2025,Amlodipine,Abnormal
P00066,  Melissa Lee  ,73,Female,A-,Cancer,2/19/2026,  Brian Ramirez  ,Rasmussen LLC Hospital,Humana,8769.12,313,Urgent,2/21/2026,Lipitor,Inconclusive
P00506,Rebecca Sellers,33,Male,AB+,Obesity,12/29/2024,Jessica Callahan,Rasmussen LLC Hospital,Cigna,38105.93,492,Emergency,1/5/2025,Paracetamol,Inconclusive
P00041,Andre Wright,31,Female,B-,CANCER,7/25/2026,Lisa Jackson,"MORAN, ALLEN AND FOSTER HOSPITAL",Aetna,4510408,225,Elective,28-07-2026,lipitor,Normal
P00750,KATHLEEN LYNCH,71,Male,B+,Cancer,3/19/2025,ANGIE HENDERSON,Newton and Sons Hospital,Humana,19020.05,234,Emergency,3/25/2025,Paracetamol,Inconclusive
P00485,suzanne rodriguez,88,Male,AB-,Hypertension,4/10/2026,Gerald Hensley,"Turner, Riggs and Roman Hospital",Medicare,-13153.95,533,Urgent,4/30/2026,Penicillin,Inconclusive
P00700,Ryan Green,80,Female,AB-,Migraine,10/2/2025,Judy Baker,"Patterson, Smith and Jones Hospital",Aetna,48873.1,118,Urgent,10/9/2025,Aspirin,Abnormal
P00780,Andrew Dunn,150,Male,O+,Asthma,9/6/2024,Ryan MMunoz,"Cunningham, Stewart and Green Hospital",Medicaid,5978.07,239,Emergency,9/26/2024,Penicillin,Abnormal
P00958,regina peters,-5,Male,O+,Cancer,4/12/2026,Gabrielle Davis,Walsh LLC Hospital,UHC,53641.03,184,Urgent,4/25/2026,Aspirin,Inconclusive
P00568,THOMAS MCCANN,25,Male,a-,Arthritis,10/25/2024,WILLIAM BAKER,Torres-Popee Hospital,,30895.22,337,Urgent,10/26/2024,Metformin,Normal
P00274,JESSICA ROSS,71,Female,A+,Arthritis,3/12/2025,JUDY BAKER,Figueroa PLLC Hospital,Medicare,18337.9,501,Elective,3/22/2025,Metformin,Inconclusive
P00702,Cindy Walker,70,Female,B-,Obesity,5/11/2026,Shannon Jones,Torres-Pope Hospital,Aetna,1776.48,474,Emergency,5/17/2026,Amlodipine,Abnormal
P00714,Jennifer Flores,22,Male,AB Positive,Hypertension,5/13/2026,Whitney Peters,Anderson-Bailey Hospital,Blue Cross,35702.45,589,Urgent,5/22/2026,Lipitor,Inconclusive
P00494,Brent Bowen,66,Male,O+,Migraine,9/9/2025,Connie Lawrence,"Garcia, Humphrey and Baker Hospital",Cigna,"$40,114.62 ",389,Urgent,9/22/2025,Amlodipine,Normal
P00864,Jeremy Hampton,7,Male,A+,Diabetes,4/24/2025,Abigail Shaffer,"Mckee, Gardner and Davenport Hospital",Blue Cross,13959.79,246,Elective,5/8/2025,Aspirin,Inconclusive
P00178,Sharon Jordan,39,Female,B-,Heart Disease,5/28/2026,Paula Moreno,"Rodriguez, Brennan and Garrison Hospital",Cigna,12755.25,386,Urgent,6/7/2026,Aspirin,Abnormal
P00301,Bethany Calderon,,M,,,7/31/2025,Ryan Munoz,"Brewer, Bryant and Hickman Hospital",Cigna,,,ELECTIVE,8/19/2025,aspirin,Normal
P00038,Diana Bean,86,Female,AB-,Migraine,4/28/2025,Cassandra Gaines,Rasmussen LLC Hospital,Blue Cross,28138.18,198,Elective,,Metformin,Abnormal
P00493,Grant Mueller,150,MALE,A-,hypertension,2/9/2026,Dylan Miller,Patton-Jenkins Hospital,Medicaid,18162.08,285,EMERGENCY,2/18/2026,Lipitor,Inconclusive
P00203,Crystal Hansen,8,Female,O+,Asthma,11/27/2024,Eric Carney,Davis Group Hospital,Cigna,44414.8,204,Elective,12/2/2024,Metformin,Normal
P00237,Mrs. Elizabeth French DDS,22,Male,B+,Asthma,1/12/2025,Sherry Decker,Rasmussen LLC Hospital,UnitedHealthcare,37404.09,590,Elective,1/16/2025,Ibuprofen,Abnormal
P00150,Michael Ruiz,36,Male,A-,Migraine,12/4/2025,John Pierce,Torres-Pope Hospital,Humana,54899.21,483,Urgent,12/24/2025,Ibuprofen,Normal
P00218,REBECCA VARGAS,39,Male,B-,Migraine,8/2/2025,WILLIAM BAKER,"Tran, Jordan and Williams Hospital",UnitedHealthcare,51123.68,486,Urgent,8/15/2025,Ibuprofen,Inconclusive
P00681,Ashley Hernandez,39,F,O+,OBESITY,10/28/2025,Jamie Arnold,"TURNER, RIGGS AND ROMAN HOSPITAL",Blue Cross,"$40,062.17 ",107,Emergency,17-11-2025,paracetamol,Normal
P00408,casey shelton,82,Male,A-,Asthma,10/31/2025,Victoria Garcia,White-Estes Hospital,UnitedHealthcare,9260.22,145,Emergency,,Aspirin,Normal
P00552,Gregory Lewis,14,Male,O+,Cancer,11/14/2025,Steve SSanchez,Suarez LLC Hospital,UnitedHealthcare,35678.83,466,Elective,11/20/2025,Paracetamol,Normal
P00617,JEREMY HERNANDEZ,15,F,A-,Heart Disease,19-06-2026,DYLAN MILLER,WALKER LTD HOSPITAL,Blue Cross,-12901.7,353,elective,7/6/2026,Metformin,ABNORMAL
P00929,Lauren Bailey,22,Female,B-,Migraine,6/2/2026,Matthew Foster,JOHNSON-CARLSON HOSPITAL,Medicaid,17802.17,301,Emergency,2/26/2026,Amlodipine,inconclusive
P00303,Sandra Holmes,22,Female,B+,Diabetes,8/27/2025,Lisa Hensley,"Tran, Jordan and Williams Hospital",Blue Cross,51863.1,598,Emergency,9/10/2025,Penicillin,Inconclusive
P00866,Stephanie Gonzalez,95,Female,AB-,Cancer,3/18/2025,Jeffrey Chavez,Harris-Walters Hospital,Medicare,18551.04,296,Emergency,3/23/2025,Paracetamol,Normal
P00926,Angie Hill,59,Female,A-,Cancer,12/16/2025,Victoria Garcia,Moore-Bass Hospital,Cigna,12046.98,595,Elective,,Penicillin,Inconclusive
P00675,Travis Jackson,68,Male,AB+,Heart Disease,7/19/2026,Michael Lewis,Anderson-Bailey Hospital,Humana,51221.38,344,Elective,7/24/2026,Ibuprofen,Normal
P00934,James Webb,15,Female,A-,Hypertension,2/23/2025,Lisa Jackson,Figueroa PLC Hospital,CIGNA,47748.18,558,Emergency,3/14/2025,Paracetamol,Normal
P00389,Benjamin Henderson,29,FEMALE,B+,Heart Disease,8/27/2024,Jessica Callahan,Torres-Pope Hospital,Aetna,20437.12,303,Elective,9/1/2024,Lipitor,Normal
P00423,Julie Lang,64,Female,B-,Migraine,5/14/2025,Shane Henderson,Nolan and Sons Hospital,Humana,20442.87,305,Elective,5/25/2025,Penicillin,Normal
P00388,Alex Scott,65,Male,o+,Cancer,12/29/2025,Cristian Santos,Rasmussen LLC Hospital,Cigna,49119.73,378,Urgent,1/1/2026,Penicillin,Inconclusive
P00779,William Mcgee,9,Male,B-,Heart Disease,8/24/2025,Derek Zuniga,"Rodriguez, Brennan and Garrison Hospital",Humana,26919.38,242,Emergency,9/8/2025,Ibuprofen,Normal
P00391,  Dustin White  ,6,Male,,,8/15/2026,  Gabrielle Davis  ,Williams-Cook Hospital,CIGNA,,219,Emergency,8/31/2026,Metformin,Normal
P00931,Christopher Hunter,81,Female,,,6/16/2025,Fred Smith,Harris-Walters Hospital,Aetna,,147,Emergency,6/21/2025,Penicillin,Normal
P00353,tyler miller,64,female,AB-,Hypertension,10/12/2024,Donald Wright,"MORAN, ALLEN AND FOSTER HOSPITAL",Aetna,-5297.08,306,Elective,12/25/2024,Paracetamol,inconclusive
P00194,Jesse Moore,55,Female,A-,Diabetes,9/16/2025,Gabrielle Davis,"Rodriguez, Brennan and Garrison Hospital",Aetna,4480.11,246,Elective,10/5/2025,Ibuprofen,Normal
P00236,Gloria Miranda,57,Female,AB-,Hypertension,4/7/2025,Elizabeth Fowler,"Brewer, Bryant and Hickman Hospital",Humana,26450.86,463,Emergency,4/19/2025,Paracetamol,Abnormal
P00443,  Amanda Sullivan  ,61,Male,B-,Obesity,8/19/2026,  Joshua Blair  ,"Cunningham, Stewart and Green Hospital",Aetna,"$4,390.47 ",598,Urgent,9/1/2026,Ibuprofen,Abnormal
P00843,Aaron Cortez,50,Male,AB-,Migraine,6/5/2025,Gerald Hensley,"Rivera, Johnson and Wiley Hospital",Blue Cross,17830.8,232,Emergency,6/11/2025,Metformin,Inconclusive
P00056,paul hudson,54,Female,A-,Migraine,3/16/2025,John Pierce,"Shields, Cochran and Adams Hospital",Medicaid,1189.54,178,Elective,3/27/2025,Ibuprofen,Inconclusive
P00769,Alexandria Oneill,9,FEMALE,AB+,cancer,10/10/2024,Anthony Rodriguez,FIGUEROA PLC HOSPITAL,Medicaid,10674.72,368,EMERGENCY,10/11/2024,Penicillin,normal
P00097,Raymond Hancock,82,female,AB+,migraine,25-02-2025,Dylan Miller,"TURNER, RIGGS AND ROMAN HOSPITAL",Aetna,35797.05,584,EMERGENCY,3/5/2025,Aspirin,abnormal
P00142,Curtis Buchanan,86,Male,AB-,Hypertension,4/20/2025,Carol Tucker,Ross LLC Hospital,Medicare,23202.93,502,Urgent,5/9/2025,Lipitor,Normal
P00703,  Matthew Palmer  ,46,Male,a+,Hypertension,2/5/2025,  Richard Aguirre  ,"Patterson, Smith and Jones Hospital",,34670.93,477,Emergency,2/14/2025,,Abnormal
P00870,martha hernandez,90,Male,AB+,Diabetes,6/9/2026,Brittney Phillips,Smith PLC Hospital,Humana,33153.87,597,Urgent,6/15/2026,Ibuprofen,Inconclusive
P00676,Andrew Miller,67,Female,,Diabetes,,Jordan Henderson,"Ferrell, Jones and Lewis Hospital",,46363.82,362,Emergency,2/5/2025,Lipitor,Abnormal
P00573,adam taylor,7,female,B+,Cancer,12/19/2025,  Steve Sanchez  ,"Shields, Cochran and Adams Hospital",Blue Cross,-32387.53,298,Elective,1/4/2026,Ibuprofen,Abnormal
P00121,Stacy Freeman,14,MALE,,,7/23/2026,Carol Tucker,ANDERSON-BAILEY HOSPITAL,UnitedHealthcare,,,ELECTIVE,8/4/2026,metformin,Abnormal
P00603,RANDY HAYES,86,Female,O+,Asthma,11/21/2024,CONNOR WEST,  Davis Group Hospital  ,Aetna,7267.64,161,elective,12/7/2024,Penicillin,NORMAL
P00569,Kevin Hines,15,M,O-,Heart Disease,16-12-2024,Ethan Adams,"GARCIA, HUMPHREY AND BAKER HOSPITAL",Medicaid,3392.26,572,Emergency,12/25/2024,Paracetamol,Inconclusive
P00063,Juan Cooper,68,Female,A-,Cancer,12/23/2025,Cassandra Gaines,Wagner-King Hospital,Cigna,53725.08,191,Elective,1/11/2026,Paracetamol,Inconclusive
P00978,Randy Warren,56,Female,B+,Cancer,8/5/2025,Tricia Valencia,"Turner, Riggs and Roman Hospital",UnitedHealthcare,9944.96,383,Emergency,8/15/2025,Aspirin,Abnormal
P00653,Laura Chang,48,Male,O+,Migraine,4/22/2026,Lauren Daniels,Wagner-King Hospital,Aetna,5099.74,585,Emergency,4/29/2026,Lipitor,Inconclusive
P00415,Joseph Calderon,76,Male,o-,Hypertension,7/19/2025,Nathan Maldonado,"Ferrell, Jones and Lewis Hospital",UHC,37646.91,424,Emergency,8/3/2025,METFORMIN,Inconclusive
P00004,Christina Reynolds,69,Male,O+,Hypertension,7/13/2026,Jordan Henderson,Figueroa PLC Hospital,Humana,40270.38,421,Urgent,7/15/2026,Amlodipine,Abnormal
P00059,Kristi Black,44,Female,AB+,Diabetes,11/3/2025,Tracy House,Campbell-Clark Hospital,Aetna,43981.86,223,Urgent,11/15/2025,Penicillin,Abnormal
P00224,Robert Monroe,53,Female,A-,Cancer,7/26/2026,Lauren Daniels,Walker Ltd Hospital,Blue Cross,1172.56,450,Elective,8/8/2026,Ibuprofen,Normal
P00621,Alicia Reyes,26,F,B-,MIGRAINE,8/21/2026,Brian Ramirez,Wagner-King Hospital,Humana,4026.72,317,Urgent,27-08-2026,penicillin,Abnormal
P00102,Michelle Collins,30,Female,B+,Diabetes,11/28/2025,Jeffrey Chavez,"Smith, Montoya and Evans Hospital",Blue Cross,32457.88,376,Elective,12/5/2025,Amlodipine,Normal
P00725,Lisa Kennedy,93,Female,O+,Cancer,12/1/2025,Steve Sanchez,Torres-Pope Hospital,Humana,45762.15,262,Urgent,12/5/2025,Aspirin,Inconclusive
P00222,  Amanda Stout  ,41,Female,A-,Hypertension,7/23/2026,  Allison Hill  ,"Patterson, Smith and Jones Hospital",UnitedHealthcare,"$40,811.21 ",284,Elective,7/28/2026,Paracetamol,Normal
P00831,Jane Hogan,13,Male,O+,HEART DISEASE,9/23/2024,Michael Lewis,"Patterson, Smith and Jones Hospital",Medicare,15418,164,Emergency,9/10/2024,Aspirin,Normal
P00005,Lisa Alvarado,9,Male,B-,Obesity,7/19/2026,Monica Herrera,Wagner-King Hospital,Humana,10979.73,151,Elective,8/7/2026,Aspirin,Abnormal
P00053,  Marie Gilbert  ,28,F,AB+,Arthritis,12/31/2024,  Patty Perez  ,White-Estes Hospital,Medicare,31236.34,593,Urgent,1/4/2025,Metformin,Normal
P00018,Paula Robinson,85,Female,AB-,Migraine,5/15/2026,Crystal Robinson,"Shields, Cochran and Adams Hospital",Humana,"$5,640.76 ",473,Emergency,5/22/2026,Metformin,Inconclusive
P00749,kayla williamson,57,M,AB-,Diabetes,6/27/2025,Daniel Wagner,Campbell-Clark Hospital,Blue Cross,-8260.91,245,Emergency,7/1/2025,Ibuprofen,Abnormal
P00918,MARK BROCK,62,Female,B+,Migraine,10/2/2024,PHILIP CANNON,May-Ross Hospital,UnitedHealthcare,51835.82,521,Emergency,10/14/2024,Lipitor,Inconclusive
P00307,Martin Vargas,49,Female,b+,Heart Disease,11/17/2025,Connie Lawrence,Williams-Cook Hospital,UnitedHealthcare,"$10,576.03 ",338,Elective,11/30/2025,IBUPROFEN,Abnormal
P00668,Kristy Hernandez,88,Male,O Positive,Arthritis,3/5/2025,Sarah Moore,Suarez LLC Hospital,Humana,1914.94,265,Emergency,3/16/2025,Paracetamol,Normal
P00156,Molly Mcclure,66,Male,A-,Cancer,9/23/2025,Derek Zuniga,Davis Group Hospital,Humana,43756.45,352,Emergency,9/29/2025,Aspirin,Inconclusive
P00966,Michael Jacobs,3,Male,AB+,Hypertension,6/21/2025,Patty Perez,"Cunningham, Stewart and Green Hospital",Medicare,23821.78,280,Elective,7/7/2025,Lipitor,Normal
P00682,Traci Garcia,27,Female,B+,Cancer,10/13/2025,Michael Lewis,Ross LLC Hospital,Blue Cross,47316.16,144,Elective,10/20/2025,Amlodipine,Abnormal
P00645,EVAN LAMB,8,Female,AB Negative,Hypertension,10/13/2025,PAULA MORENO,  Ross LLC Hospital  ,UnitedHealthcare,47528.05,343,urgent,10/22/2025,Ibuprofen,ABNORMAL
P00249,Jerry Palmer,22,F,AB+,Obesity,25-10-2024,Lauren Daniels,WALSH LLC HOSPITAL,Humana,33028.74,363,Urgent,11/3/2024,Amlodipine,Normal
P00250,Thomas Velasquez,53,Male,AB+,Asthma,4/24/2026,Holly Wood,Davis Group Hospital,BlueCross,52971.07,464,Elective,4/29/2026,Amlodipine,Normal
P00359,Brooke Delgado,56,Female,B+,Asthma,7/31/2026,Holly Wood,Suarez LLC Hospital,UnitedHealthcare,30650.83,436,Urgent,8/2/2026,Lipitor,Abnormal
P00479,Robert Guerra,39,Male,AB+,Diabetes,7/15/2026,Tricia Valencia,"Wright, Garcia and Deleon Hospital",Humana,19868.11,115,Urgent,7/27/2026,Aspirin,Normal
P00431,Wanda Bernard,67,Female,O+,ASTHMA,1/6/2025,Tommy Walter,"Moran, Allen and Foster Hospital",Blue Cross,41260.3,472,Emergency,18-01-2025,Metformin,Abnormal
P00442,RONALD MILLER,64,Female,o-,Diabetes,1/16/2026,SHERRY DECKER,Anderson-Bailley Hospital,Humana,23403.24,484,Emergency,1/27/2026,Paracetamol,Abnormal
P00822,Timothy Carlson,90,Male,AB-,Obesity,7/11/2026,Jessica Callahan,Moore-Bass Hospital,Cigna,41214.77,534,Urgent,7/16/2026,Lipitor,Abnormal
P00967,KIMBERLY KRAUSE,61,Male,A Positive,Diabetes,10/20/2025,BRITTNEY PHILLIPS,  Figueroa PLC Hospital  ,Humana,48090.41,216,urgent,11/5/2025,Lipitor,
P00031,James Snow,6,Female,,,7/15/2026,Michele Williams,Nolan-Flynn Hospital,Humana,,386,Elective,7/27/2026,Lipitor,Inconclusive
P00282,Jennifer Palmer,34,Male,A+,Migraine,10/5/2024,Richard Aguirre,Rasmussen LLC Hospital,Medicaid,37406.49,381,Emergency,10/7/2024,Paracetamol,Abnormal
P00680,ALEXANDRIA GRAVES,3,Male,O+,Hypertension,9/8/2025,NOAH RHODES,"Garcia, Humphrey and Baker Hospital",Medicaid,24142.04,344,Elective,9/12/2025,Metformin,Abnormal
P00977,Brendan Zuniga,61,female,B-,Migraine,25-01-2025,Shannon Jones,DICKSON-BRADY HOSPITAL,Aetna,12427.75,557,Elective,2/4/2025,Aspirin,inconclusive
P00118,  Tracy Jones  ,33,Female,ab-,Hypertension,12/8/2024,  Allison Hill  ,Gonzalez Group Hospital,Medicaid,42320.55,320,Emergency,12/15/2024,Ibuprofen,Abnormal
P00850,Tina Smith,22,Female,A-,Arthritis,5/20/2026,James Ferrell,Ross LLC Hospital,Humana,27505.18,492,Emergency,6/3/2026,Aspirin,Abnormal
P00117,Thomas Smith,87,Female,AB+,Diabetes,5/4/2026,Zachary Hicks,Dickson-Brady Hospital,Medicare,6543.49,128,Emergency,5/18/2026,Ibuprofen,Abnormal
P00776,Gary Ramirez,9,Male,O-,Migraine,2/25/2026,Jordan Henderson,Moore-Bass Hospital,Cigna,36832.8,139,Emergency,3/7/2026,Lipitor,Abnormal
P00670,Crystal Brown,94,Male,B-,Diabetes,6/23/2025,Sherri Baker,"Mckee, Gardner and Davenport Hospital",Humana,18207.89,128,Urgent,7/8/2025,Paracetamol,Inconclusive
P00292,Yolanda Cochran,90,Female,B+,Cancer,12/29/2024,Donald Wright,Ross LLC Hospital,CIGNA,2037.26,189,Elective,1/17/2025,Paracetamol,Normal
P00028,John Brown,78,Male,ab-,Cancer,6/24/2025,Nathan Maldonado,Torres-Pope Hospital,,15342.98,228,Emergency,6/29/2025,Paracetamol,Inconclusive
P00382,Rachel Fox,29,Female,B-,Hypertension,1/4/2026,Tommy Walter,May-Ross Hospital,Humana,9272.01,127,Urgent,1/9/2026,Penicillin,Inconclusive
P00308,Marcus Winters,90,Male,A-,Arthritis,10/23/2025,William Baker,Hancock and Sons Hospital,Humana,3859.35,401,Emergency,11/11/2025,Lipitor,Normal
P00511,Cody Wilkinson,48,Female,,,12/24/2024,Carol Tucker,"Patterson, Smith and Jones Hospital",BlueCross,,157,Elective,1/9/2025,Amlodipine,Normal
P00599,  Samuel Howe  ,57,Female,O Negative,Obesity,11/28/2024,  Margaret Hawkins DDS  ,Johnson-Doyle Hospital,Medicaid,12255.39,558,Elective,12/1/2024,Ibuprofen,Inconclusive
P00201,Pamela Duran,,MALE,O+,HEART DISEASE,1/21/2025,Abigail Shaffer,NOLAN-FLYNN HOSPITAL,Medicaid,382219,443,Elective,30-01-2025,amlodipine,Inconclusive
P00720,John Figueroa,76,Male,O-,Migraine,10/7/2025,Dylan Miller,Walsh LLC Hospital,Aetna,41491.29,262,Elective,10/15/2025,Lipitor,Abnormal
P00386,STEVEN GRIFFIN JR.,47,Male,AB-,Heart Disease,1/31/2026,JOHN DANIEL,Patton-Jenkins Hospital,Cigna,15579.05,496,Elective,2/14/2026,Penicillin,Inconclusive
P00718,Karen Shepard,12,Male,AB+,Migraine,1/8/2026,Patty Perez,Smith PLC Hospital,medicare,14427.72,592,Elective,1/14/2026,Ibuprofen,Normal
P00789,Bryan Phelps,95,Female,B-,Hypertension,2/26/2025,Gina Moore,"Turner, Riggs and Roman Hospital",Cigna,17332.25,355,Elective,3/2/2025,Ibuprofen,Normal
P00913,Justin Webb,94,Male,O+,migraine,6/10/2025,Judy BBaker,DICKSON-BRADY HOSPITAL,Cigna,5177.33,133,ELECTIVE,10/10/2025,Aspirin,inconclusive
P00801,Kristen Robinson,,Male,B+,OBESITY,4/11/2025,Megan Young,"SHIELDS, COCHRAN AND ADAMS HOSPITAL",Medicaid,5072004,175,Elective,13-04-2025,ibuprofen,inconclusive
P00542,Shannon Mcdowell,20,Female,O+,Migraine,5/31/2026,Rebecca Henderson,Patton-Jenkins Hospital,Medicaid,51399.83,426,Emergency,6/20/2026,Ibuprofen,Inconclusive
P00315,Scott Flores,43,Male,A+,Heart Disease,4/30/2025,Debra Davidson,Nolan and Sons Hospital,Aetna,22070.7,272,Elective,5/2/2025,Aspirin,Abnormal
P00972,Erik Delgado,54,Female,AB+,Cancer,10/21/2024,Connie Lawrence,"Rivera, Johnson and Wiley Hospital",Medicare,21810.93,459,Elective,11/1/2024,Amlodipine,Inconclusive
P00281,MARK MOODY,90,Male,B-,ARTHRITIS,11/17/2025,LISA JACKSON,ANDERSON-BAILEY HOSPITAL,Medicaid,4553807,227,elective,27-11-2025,penicillin,INCONCLUSIVE
P00976,  Patrick Brady  ,45,Female,,Hypertension,2/12/2025,  Debra Davidson  ,"Smith, Montoya and Evans Hospital",Medicaid,14203.12,200,Elective,2/14/2025,Lipitor,Normal
P00762,Jesus Houston,39,Female,AB-,Migraine,11/16/2024,Danny Morgan,"Rivera, Johnson and Wiley Hospital",Humana,965.1,435,Emergency,11/25/2024,Penicillin,Inconclusive
P00354,Nicole Lewis,12,Female,B-,Heart Disease,7/1/2026,Anthony Humphrey,Nolan and Sons Hospital,Humana,509.25,127,Emergency,7/19/2026,Amlodipine,Abnormal
P00881,jamie gray,50,M,A-,DIABETES,10/21/2025,Connie Lawrence,"TURNER, RIGGS AND ROMAN HOSPITAL",Blue Cross,-5935.28,494,Emergency,10/11/2025,aspirin,normal
P00208,Heidi Kim,95,Male,a+,Obesity,7/27/2025,Jordan Henderson,"Rivera, Johnson and Wiley Hospital",MEDICARE,47592.62,468,Elective,8/15/2025,Aspirin,Normal
P00380,Michael Durham,82,Male,AB+,Arthritis,8/17/2026,Noah Rhodes,Rasmussen LLC Hospital,Humana,16576.33,384,Emergency,9/4/2026,Paracetamol,Normal
P00770,Misty Walker,22,Female,O+,Migraine,9/12/2025,Margaret Hawkins DDS,Moore-Bass Hospital,Blue Cross,28759.98,374,Elective,9/24/2025,Penicillin,Inconclusive
P00413,Jason Moreno,52,Male,AB+,Asthma,10/6/2024,Crystal Robinson,Torres-Pope Hospital,Aetna,25284.37,386,Emergency,10/13/2024,Lipitor,Abnormal
P00882,Angela King,2,Male,AB-,Hypertension,10/28/2025,Judy Baker,"Turner, Riggs and Roman Hospital",UnitedHealthcare,1235.58,488,Urgent,11/17/2025,Penicillin,Normal
P00024,Sara Ramirez,73,Male,A Positive,Hypertension,7/20/2025,Mark Perez,"Rivera, Johnson and Wiley Hospital",Medicare,22505.77,367,Elective,7/28/2025,Aspirin,Normal
P00341,Melody Lee,14,male,AB+,HYPERTENSION,2/18/2025,Michele Williams,Gonzalez Group Hospital,Blue Cross,"$45,770.57 ",411,Emergency,4/3/2025,amlodipine,Abnormal
P00819,Mrs. Tonya Moss,25,Male,AB-,Asthma,7/19/2025,Paula Moreno,"Wright, Garcia and Deleon Hospital",Medicare,40861.68,477,Emergency,7/30/2025,Aspirin,Normal
P00643,Christopher Smith,74,Male,AB+,Heart Disease,2/12/2026,Jamie Arnold,Davis Group Hospital,medicare,13364.24,162,Elective,2/17/2026,Aspirin,Inconclusive
P00155,TRAVIS HORTON,88,Female,AB-,Hypertension,6/5/2025,JORDAN HENDERSON,  Ross LLC Hospital  ,Cigna,-54850.8,556,elective,6/20/2025,Amlodipine,NORMAL
P00868,Robin Riley,26,Male,A+,Asthma,5/8/2026,Matthew Foster,Hancock and Sons Hospital,MEDICARE,"$54,435.63 ",464,Elective,5/24/2026,Amlodipine,Inconclusive
P00559,Matthew Bowers,58,Male,a+,Arthritis,1/9/2025,Gina Moore,"Tran, Jordan and Williams Hospital",Humana,53089.98,469,Emergency,1/27/2025,PENICILLIN,Normal
P00732,Beverly Hamilton,85,Male,A-,Asthma,3/21/2026,Gabrielle Davis,"Turner, Riggs and Roman Hospital",Cigna,"$30,572.29 ",577,Urgent,3/27/2026,Amlodipine,Normal
P00971,Jennifer Meadows,25,Female,A-,OBESITY,6/29/2025,William Baker,Patton-Jenkins Hospital,Medicare,41067.9,189,Elective,6/7/2025,Metformin,Abnormal
P00792,JUDITH LAWRENCE,49,Female,B+,Heart Disease,11/23/2024,ALLISON HILL,"Ferrell, Jones and Lewis Hospital",Humana,33639.44,351,Emergency,12/1/2024,Ibuprofen,Normal
P00323,DOUGLAS HARPER,77,Male,B Negative,Obesity,10/25/2025,MEGAN YOUNG,"  Patterson, Smith and Jones Hospital  ",Medicaid,35781.75,595,urgent,10/30/2025,Metformin,ABNORMAL
P00545,Brandon Davis,68,M,A-,Arthritis,28-02-2026,Michael Lewis,JOHNSON-CARLSON HOSPITAL,Medicaid,"$37,477.89 ",539,Elective,3/13/2026,Aspirin,abnormal
P00954,Dennis Adams,53,Female,A-,Cancer,5/17/2026,Lauren Daniels,"Rodriguez, Brennan and Garrison Hospital",Medicaid,48885.01,350,Elective,6/5/2026,Aspirin,Inconclusive
P00588,Jacob Carter,9,Male,B-,Arthritis,10/27/2024,Crystal Robinson,"Rivera, Johnson and Wiley Hospital",Cigna,16387.67,435,Urgent,10/28/2024,Amlodipine,Abnormal
P00083,Rick Lawrence,150,Male,O-,Diabetes,2/11/2025,Holly Wood,Torres-Pope Hospital,Medicare,21541.29,269,Emergency,2/24/2025,Amlodipine,Abnormal
P00642,Robin Gray,11,Female,AB+,Hypertension,5/12/2025,Crystal Robinson,Nolan and Sons Hospital,Medicaid,3515.34,436,Emergency,5/13/2025,Penicillin,Inconclusive
P00465,Jason Maxwell,39,male,O+,Hypertension,18-05-2026,Gina Moore,"TRAN, JORDAN AND WILLIAMS HOSPITAL",Cigna,32940.1,550,Elective,5/22/2026,Penicillin,normal
P00553,Lisa Ramos,94,F,O Negative,diabetes,22-02-2026,Donald Wright,"SMITH, MONTOYA AND EVANS HOSPITAL",Medicaid,4337.47,427,EMERGENCY,2/25/2026,Paracetamol,Inconclusive
P00334,Linda Romero,62,Female,a+,Diabetes,11/18/2025,James Brown,Campbell-Clark Hospital,Medicaid,23881.89,291,Emergency,,Aspirin,Inconclusive
p00099,Kayla Leon,69,Female,AB-,HYPERTENSION,7/13/2025,Cassandra Gaines,Johnson-Doyle Hospital,Blue Cross,37653.22,332,Emergency,17-07-2025,Metformin,Inconclusive
P00471,Ryan James,45,Male,AB-,ARTHRITIS,8/29/2024,Angela Lopez,"Moran, Allen and Foster Hospital",Humana,23582.96,256,Emergency,12/9/2024,Aspirin,Inconclusive
P00033,Don Tucker MD,90,MALE,O+,Diabetes,12/6/2026,Victoria Garcia,WAGNER-KING HOSPITAL,Blue Cross,15040.91,518,Elective,6/20/2026,Aspirin,abnormal
P00784,Lindsay Moran,25,Male,o+,Migraine,4/24/2025,Brian Ramirez,Wagner-King Hospital,,31131.95,154,Elective,5/5/2025,Aspirin,Normal
P00885,  David Robertson  ,88,F,A-,Heart Disease,5/31/2026,  Patty Perez  ,Moore-Bass Hospital,Blue Cross,"$12,810.70 ",152,Elective,6/10/2026,Aspirin,Normal
P00383,Thomas Rodriguez,86,Male,AB+,Hypertension,9/15/2025,Judy Baker,"Rivera, Johnson and Wiley Hospital",UnitedHealthcare,4486.38,587,Elective,10/3/2025,Aspirin,Normal
P00873,Victor Holden,38,FEMALE,A-,Asthma,1/9/2024,Zachary Hicks,"BREWER, BRYANT AND HICKMAN HOSPITAL",Medicare,46959.89,221,Elective,9/11/2024,Paracetamol,Inconclusive
P00557,Todd Johnson,50,male,AB+,Migraine,2/3/2026,Michele Williams,Nolan-Flynn Hospital,UnitedHealthcare,30718.91,143,Urgent,2/9/2026,Penicillin,Inconclusive
P00909,Jaime Harris,59,Female,O-,Obesity,9/10/2025,Timothy Duncan,"Turner, Riggs and Roman Hospital",Aetna,39230.7,597,Urgent,9/16/2025,Penicillin,Normal
P00917,Lisa Cohen,68,MALE,AB+,Asthma,3/22/2026,Abigail Shaffer,Anderson-Bailey Hospital,UnitedHealthcare,47985.26,275,Elective,4/6/2026,Ibuprofen,Normal
P00379,KAREN GIBSON,57,Female,o+,Diabetes,2/2/2025,VICTORIA GARCIA,"  Garcia, Humphrey and Baker Hospital  ",,15842.7,212,emergency,2/5/2025,,
P00090,Shannon Matthews,39,Male,O+,Heart Disease,2/8/2025,Michele Williams,Davis Group Hospital,UnitedHealthcare,25397.55,392,Elective,2/17/2025,Lipitor,Abnormal
P00214,Angela Bean,46,Female,O+,Hypertension,12/14/2024,Shane Henderson,Dickson-Brady Hospital,United Healthcare,14256.79,389,Emergency,12/31/2024,Metformin,Normal
P00906,David Cannon,21,Female,O-,Asthma,10/20/2025,Anthony Humphrey,Figueroa PLC Hospital,Cigna,42401,419,Elective,10/25/2025,Paracetamol,Inconclusive
P00134,MICHAEL JOHNSON,47,Male,O-,Obesity,5/14/2025,RICHARD AGUIRRE,Wagner-King Hospital,Medicare,2881.24,222,Elective,5/29/2025,Amlodipine,Abnormal
P00347,Regina Baker,62,Female,B+,Hypertension,5/21/2026,Holly Wood,Smith PLC Hospital,Humana,38099.68,181,Emergency,6/3/2026,Penicillin,Inconclusive
P00008,PAUL THOMPSON,73,Female,B-,Heart Disease,12/24/2025,JESSICA HOLMES,"Shields, Cochran and Adams Hospital",Blue Cross,50265.92,235,Emergency,12/31/2025,Ibuprofen,Inconclusive
P00620,Rebecca Wright,51,Female,A-,Hypertension,6/27/2025,Lisa Jackson,Dickson-Brady Hospital,UnitedHealthcare,37129.2,455,Urgent,7/13/2025,Paracetamol,Inconclusive
P00321,Julie Koch DDS,89,MALE,AB+,DIABETES,12/19/2024,Eric Carney,SMITH PLC HOSPITAL,Blue Cross,4131838,537,Urgent,28-12-2024,amlodipine,normal
P00786,Mark Marsh,28,Female,AB+,Heart Disease,8/26/2024,Michele Williams,Ross LLC Hospital,Humana,2894.67,572,Urgent,9/7/2024,Ibuprofen,Abnormal
P00188,darrell patterson,93,Male,AB+,Arthritis,11/16/2024,Rebecca Henderson,Smith PLC Hospital,Medicaid,"$16,956.05 ",160,Elective,11/27/2024,Aspirin,Normal
P00305,Diane Miller,1,female,A-,Obesity,18-07-2026,Angela  Lopez,"RODRIGUEZ, BRENNAN AND GARRISON HOSPITAL",Blue Cross,3470.51,149,Emergency,7/23/2026,Ibuprofen,normal
P00032,Morgan Marsh,31,Male,B+,Migraine,4/27/2026,Daniel Wagner,Newton and Sons Hospital,Medicaid,50954.13,573,Elective,5/2/2026,Amlodipine,Abnormal
P00614,Rhonda Martinez,36,Female,AB-,Asthma,10/31/2024,Jessica Callahan,Johnson-Carlson Hospital,Blue Cross,46599.45,358,Urgent,11/5/2024,Paracetamol,Normal
P00241,Jackson Ball,76,M,,,2/3/2026,Brian Ramirez,DAVIS GROUP HOSPITAL,Cigna,,,EMERGENCY,2/13/2026,aspirin,inconclusive
P00730,Anthony Hayes,91,Female,b-,Hypertension,8/16/2026,Steve Sanchez,"Patterson, Smith and Jones Hospital",,37590.21,467,Emergency,8/25/2026,Ibuprofen,Abnormal
P00175,Lauren Joseph,32,Male,A-,Cancer,11/25/2024,Angie Henderson,Patton-Jenkins Hospital,CIGNA,45280.54,314,Emergency,11/30/2024,Penicillin,Inconclusive
P00246,CURTIS JACOBS,35,Female,A+,Heart Disease,6/27/2025,WILLIAM BAKER,Harris-Walters Hospital,UnitedHealthcare,31712.92,152,Urgent,7/1/2025,Amlodipine,Inconclusive
P00057,JOHNNY NGUYEN,35,Female,O-,Migraine,26-12-2025,SARAH MOORE,WALSH LLC HOSPITAL,Cigna,53118.32,536,emergency,1/12/2026,Amlodipine,NORMAL
P00768,  Mr. Stephen Alexander  ,58,Female,A-,Asthma,6/7/2026,  Michele Williams  ,Rasmussen LLC Hospital,Blue Cross,31538.57,116,Urgent,6/18/2026,Lipitor,Abnormal
P00146,Courtney Rhodes,40,Female,O-,Obesity,10/19/2024,Cristian Santos,Campbell-Clark Hospital,Cigna,17699.97,282,Emergency,10/21/2024,Amlodipine,Inconclusive
P00091,Samantha Johnston,85,Female,,,,Brittney Phillips,Smith PLC Hospital,MEDICARE,,481,Elective,9/19/2024,AMLODIPINE,Abnormal
P00393,JOAN STARK,34,Male,O+,Migraine,25-05-2025,JOHN PIERCE,"RIVERA, JOHNSON AND WILEY HOSPITAL",Medicaid,46000.54,559,emergency,6/3/2025,Lipitor,ABNORMAL
P00311,Lisa Johnson,88,Female,B-,ASTHMA,1/26/2025,Angela Lopez,Williams-Cook Hospital,Cigna,4771.08,566,Urgent,9/2/2025,Amlodipine,Normal
P00360,Matthew Avila,54,Male,AB+,Migraine,5/30/2026,Anthony Humphrey,Figueroa PLC Hospital,UnitedHealthcare,48535.79,512,Emergency,6/16/2026,Ibuprofen,Abnormal
P00094,Frank Garcia,35,Male,AB+,Heart Disease,8/3/2025,Cassandra Gaines,"Tran, Jordan and Williams Hospital",Humana,29431.45,158,Elective,8/15/2025,Paracetamol,Normal
P00695,Laura Thompson,1,Male,O-,Arthritis,3/18/2026,Sherri Baker,Torres-Pope Hospital,Blue Cross,53345.2,143,Elective,4/2/2026,Aspirin,Inconclusive
P00753,Mr. Adam Davis,55,M,A+,Cancer,10/1/2026,James Brown,FIGUEROA PLC HOSPITAL,Humana,17828.36,176,Elective,1/22/2026,Ibuprofen,normal
P00377,Stacy Carrillo,30,Female,O+,Migraine,8/1/2026,Richard Aguirre,DICKSON-BRADY HOSPITAL,UnitedHealthcare,4339.09,261,Emergency,1/26/2026,Penicillin,Inconclusive
P00244,Michael Hudson,50,Female,o+,Heart Disease,6/16/2026,Mark Perez,Patton-Jenkins Hospital,,11134.5,185,Emergency,6/21/2026,Lipitor,Normal
P00899,Lisa Thompson,8,Male,O+,Asthma,1/7/2026,Whitney Peters,White-Estes Hospital,Humana,22321.93,139,Urgent,1/14/2026,Penicillin,Abnormal
P00088,Jessica George,49,Male,O-,Asthma,3/12/2025,Anthony Rodriguez,"Shields, Cochran and Adams Hospital",Medicaid,33717.3,230,Elective,3/15/2025,Aspirin,Inconclusive
P00215,Justin Riley,11,Male,A-,Migraine,11/27/2025,Joshua Blair,"Wright, Garcia and Deleon Hospital",Medicare,37780.27,343,Emergency,12/7/2025,Metformin,Normal
P00987,Eric Gutierrez,70,Female,O-,Hypertension,2/7/2025,Michael Lewis,"Smith, Montoya and Evans Hospital",Medicaid,"$46,373.78 ",111,Emergency,2/15/2025,Ibuprofen,Inconclusive
P00174,Erica Hernandez,34,Male,A+,Heart Disease,7/15/2025,Patty Perez,Walker Ltd Hospital,Medicaid,33031.57,469,Urgent,7/16/2025,Amlodipine,Abnormal
P00426,Lauren Cortez,73,Male,O+,Hypertension,9/5/2024,Margaret Hawkins DDS,Smith PLC Hospital,Blue Cross,"$14,178.08 ",516,Elective,9/15/2024,Penicillin,Inconclusive
P00778,KENNETH MILLER,52,Male,O+,Diabetes,10/21/2024,NOAH RHODES,Williams-Coook Hospital,AETNA,19229.35,463,Emergency,,Aspirin,Inconclusive
P00119,Marcus Sanders,65,Female,A-,Migraine,3/19/2026,Connie Lawrence,Johnson-Doyle Hospital,Aetna,38850.08,335,Emergency,4/6/2026,Amlodipine,Abnormal
P00120,MICHAEL FERGUSON,52,Female,AB+,Hypertension,10/22/2024,DANNY MORGAN,"Moran, Allen and Foster Hospital",Cigna,"$23,895.99 ",187,Urgent,11/10/2024,Penicillin,Inconclusive
P00743,JAIME BOWMAN,18,Male,A+,Asthma,1/26/2026,BRITTANY FARMER,"  Rivera, Johnson and Wiley Hospital  ",UnitedHealthcare,10632.83,362,urgent,2/10/2026,Amlodipine,ABNORMAL
P00001,JESSICA JOYCE,,Male,,,,MICHELE WILLIAMS,ROSS LLC HOSPITAL,,,,,,,
P00395,Barbara Haney,66,Female,B-,Asthma,11/30/2024,Tommy Walter,"Garcia, Humphrey and Baker Hospital",Cigna,13034.5,408,Urgent,12/6/2024,Amlodipine,Normal
P00402,Shelby Sanchez,6,Female,B-,Heart Disease,7/17/2025,Joshua Blair,Nolan-Flynn Hospital,Medicare,23427.28,511,Urgent,8/3/2025,Amlodipine,Inconclusive
P00405,Laura Barton,69,FEMALE,AB-,Obesity,6/25/2026,Jessica Holmes,Harris-Walters Hospital,UnitedHealthcare,14322.98,382,Urgent,7/14/2026,Penicillin,Normal
P00619,Brandon Reyes,53,Female,O+,Cancer,6/1/2026,Gabrielle Davis,"Rodriguez, Brennan and Garrison Hospital",Medicaid,12810.1,288,Emergency,6/16/2026,Paracetamol,Inconclusive
P00626,David Allen,16,Female,O-,Arthritis,2/11/2025,Joshua Blair,Patton-Jenkins Hospital,UnitedHealthcare,54493.78,118,Emergency,2/13/2025,Ibuprofen,Inconclusive
P00163,Rachel Harris DVM,88,Female,ab+,Heart Disease,4/25/2025,Ryan Munoz,Smith PLC Hospital,,26820.49,325,Elective,5/5/2025,,Abnormal
P00115,Brittany Hanna,48,Female,AB-,Hypertension,3/27/2026,Abigail  Shaffer,"Smith, Montoya and Evans Hospital",Blue Cross Blue Shield,19078.83,486,Urgent,4/11/2026,Paracetamol,Inconclusive
P00151,Erin Bishop,,Female,,,11/20/2025,Gabrielle Davis,Davis Group Hospital,Humana,,430,Elective,11/25/2025,Aspirin,Abnormal
P00717,Grace Reeves,68,FEMALE,O+,Obesity,8/22/2026,Jamie Arnold,Moore-Bass Hospital,Aetna,23114.04,377,Emergency,8/28/2026,Aspirin,Normal
P00581,Angel Cox,10,female,AB-,DIABETES,5/14/2026,Cassandra Gaines,Johnson-Doyle Hospital,Humana,47390.85,238,Urgent,15-05-2026,lipitor,Inconclusive
P00729,BOBBY COOK,90,Male,A-,Heart Disease,17-05-2026,SHANE HENDERSON,CAMPBELL-CLARK HOSPITAL,UnitedHealthcare,46233.45,104,emergency,5/23/2026,Metformin,NORMAL
P00369,Nicholas Wong,20,Male,B Positive,Arthritis,8/4/2026,Angela Lopez,SMITH PLC HOSPITAL,Humana,39178.07,577,Urgent,4/23/2026,Lipitor,inconclusive
P00544,Mario Barber,91,Female,O-,Obesity,12/12/2025,Lisa Jackson,Walker Ltd Hospital,Humana,21199.14,322,Emergency,12/20/2025,Aspirin,Abnormal
P00478,Alyssa Acosta,3,Male,b-,Obesity,1/3/2025,Sherry Decker,Gonzalez Group Hospital,UnitedHealthcare,50986.07,481,Emergency,1/21/2025,Paracetamol,Abnormal
P00533,SHERRY GIBSON,83,FEMALE,O-,Migraine,2/24/2026,LISA BARNES,  Newton and Sons Hospital  ,UnitedHealthcare,5114.16,360,elective,3/1/2026,Lipitor,ABNORMAL
P00993,Sandra Walker,74,female,B+,Arthritis,29-01-2026,Sarah Moore,"RIVERA, JOHNSON AND WILEY HOSPITAL",Cigna,36413.96,399,Urgent,2/18/2026,Amlodipine,abnormal
P00591,Allison Weaver,23,Male,B+,CANCER,12/13/2024,Dylan Miller,"Brewer, Bryant and Hickman Hospital",Cigna,10434.29,394,Emergency,23-12-2024,Penicillin,Abnormal
P00964,Patrick Green,22,Male,ab-,Obesity,4/30/2026,Angela Lopez,Figueroa PLC Hospital,Medicaid,27486.86,101,Emergency,5/9/2026,Ibuprofen,Inconclusive
P00259,Russell Porter,87,Male,A-,Diabetes,11/23/2025,Steve Sanchez,"Garcia, Humphrey and Baker Hospital",UHC,35465.9,279,Urgent,11/28/2025,Ibuprofen,Inconclusive
P00851,Andrew Armstrong,,Male,O+,CANCER,5/26/2026,Brittany Farmer,Torres-Pope Hospital,Humana,"$16,498.20 ",557,Emergency,11/6/2026,Penicillin,Inconclusive
P00136,Susan Mcgee,33,Male,,Arthritis,,Jordan Henderson,Suarez LLC Hospital,,8042.72,533,Urgent,4/5/2026,Amlodipine,Normal
P00930,Victor Gibson,82,Female,B+,Migraine,4/13/2026,Paula Moreno,Walker Ltd Hospital,Blue Cross,7523.44,323,Emergency,4/27/2026,Paracetamol,Inconclusive
P00721,Susan Arroyo,53,MALE,,,,Jordan Henderson,"RIVERA, JOHNSON AND WILEY HOSPITAL",Medicaid,,,,2/9/2026,AMLODIPINE,inconclusive
P00593,Oscar Parker,52,Female,B+,Heart Disease,2/3/2026,Paula Moreno,"SMITH, MONTOYA AND EVANS HOSPITAL",Aetna,50663.65,596,Urgent,,Lipitor,inconclusive
P00800,Sarah Kelley,93,Female,O-,Arthritis,6/3/2026,Gina Moore,"Wright, Garcia and Deleon Hospital",UnitedHealthcare,"$42,534.24 ",476,Emergency,6/12/2026,Ibuprofen,Abnormal
P00502,Rebecca Herrera,90,Male,A+,Hypertension,3/29/2026,Lauren Daniels,Walker Ltd Hospital,AETNA,29093.22,347,Urgent,4/12/2026,Metformin,Inconclusive
P00539,Mark Copeland,74,Male,AB+,Diabetes,3/5/2026,Sherri Baker,Gonzalez Group Hospital,Aetna,32008.69,164,Urgent,3/21/2026,Paracetamol,Abnormal
P00657,William Barry,150,M,O+,Asthma,9/8/2026,Crystal Robinson,"SMITH, MONTOYA AND EVANS HOSPITAL",Aetna,12248.38,248,Elective,8/29/2026,Ibuprofen,inconclusive
P00582,TYLER JOHNSON,88,Male,AB-,Diabetes,6/28/2026,AMBER KIDD,Nolan and Sons Hospital,Aetna,43799.09,156,Elective,7/17/2026,Aspirin,Abnormal
P00344,KELLY HOFFMAN,83,Male,O-,Obesity,2/7/2026,NATHAN MALDONADO,"Shields, Cochran and Adams Hospital",Aetna,49810.48,151,Emergency,2/11/2026,Amlodipine,Normal
P00678,Nicholas Aguirre,24,Female,A+,Hypertension,11/2/2025,Mark Perez,"Patterson, Smith and Jones Hospital",Cigna,10285.59,400,Urgent,11/17/2025,Penicillin,Inconclusive
P00625,  Hunter Silva  ,26,Female,O-,heart disease,8/4/2026,  Jessica Callahan  ,WILLIAMS-COOK HOSPITAL,MEDICARE,43703.86,275,URGENT,4/24/2026,Lipitor,normal
P00294,Christopher Mckinney,42,Male,A+,Asthma,3/25/2025,Sarah Moore,"Smith, Montoya and Evans Hospital",Humana,50573.55,156,Urgent,3/31/2025,Amlodipine,Abnormal
P00365,SHELIA ROBERTS,87,MALE,O+,Cancer,1/8/2025,AMBER KIDD,  Figueroa PLC Hospital  ,Medicaid,6085.16,440,emergency,1/23/2025,Penicillin,ABNORMAL
P00631,BRENDA VAUGHAN,83,Female,,,,BRITTANY FARMER,  Moore-Bass Hospital  ,Cigna,,186,emergency,5/17/2025,LIPITOR,
P00015,MISS PATRICIA GIBSON,89,Male,AB+,Migraine,9/27/2024,SHANE HENDERSON,  Patton-Jenkins Hospital  ,Medicare,41661.95,331,emergency,10/15/2024,Ibuprofen,NORMAL
P00087,Eric Powell,48,Female,B+,Cancer,7/12/2025,Carol Tucker,Hancock and Sons Hospital,Medicare,16488.54,449,Emergency,7/14/2025,Ibuprofen,Normal
P00371,Levi Fowler,69,Female,A-,ARTHRITIS,12/30/2025,Zachary Hicks,Harris-Walters Hospital,Medicaid,23168.25,269,Elective,,Aspirin,Abnormal
P00166,ms. rebecca rodriguez,-5,Female,,Cancer,8/14/2026,Margaret Hawkins DDS,Gonzalez Group Hospital,MEDICARE,14030.73,339,Elective,8/28/2026,Aspirin,Abnormal
P00886,Christopher Guzman,47,Male,,Asthma,3/18/2025,Ethan Adams,Johnson-Doyle Hospital,medicare,18688,271,Urgent,4/7/2025,Ibuprofen,Inconclusive
P00336,Jason Parker,6,Female,AB+,Heart Disease,4/24/2025,Tracy House,White-Estes Hospital,Medicare,4058.14,272,Elective,4/30/2025,Metformin,Normal
P00060,Jason Peters,89,Female,O-,Heart Disease,1/11/2025,Angie Henderson,Anderson-Bailey Hospital,Cigna,41819.97,213,Elective,1/29/2025,Metformin,Normal
P00355,Justin Nelson,80,Female,AB-,Heart Disease,4/22/2026,Dylan Miller,Suarez LLC Hospital,Humana,31028.22,437,Emergency,5/3/2026,Paracetamol,Abnormal
P00425,Sean Figueroa,2,male,O+,Heart Disease,10/4/2025,Derek Zuniga,WALKER LTD HOSPITAL,Medicare,26277.79,468,Elective,4/15/2025,Amlodipine,Abnormal
P00293,Miss Michelle Pierce,29,male,O-,Diabetes,8/2/2026,Sherry Decker,Johnson-Carlson Hospital,Blue Cross,13177.97,512,Emergency,8/4/2026,Aspirin,Inconclusive
P00042,Cynthia Wells,150,Male,O+,Heart Disease,4/30/2026,Danny Morgan,Davis Group Hospital,Blue Cross,23087.04,435,Urgent,5/15/2026,Paracetamol,Normal
P00330,CHARLES MORRISON,43,Female,AB+,Obesity,10/6/2025,JOHN DANIEL,Moore-Bass Hospital,UnitedHealthcare,43450.93,127,Urgent,10/20/2025,Lipitor,Inconclusive
P00615,Thomas Hamilton,68,Male,B-,Obesity,7/14/2026,Patty Perez,Ross LLC Hospital,Aetna,42096.8,598,Urgent,8/2/2026,Paracetamol,Normal
P00430,charles payne,-5,Male,AB-,Arthritis,2/11/2026,  Cassandra Gaines  ,Walsh LLC Hospital,MEDICARE,4811.6,430,Elective,2/14/2026,Aspirin,Abnormal
P00080,Juan Moore,18,Male,AB+,Migraine,10/23/2024,Anthony Humphrey,Torres-Pope Hospital,Cigna,41172.94,520,Emergency,11/9/2024,Aspirin,Inconclusive
P00029,RANDY SHAH,6,Male,AB-,Asthma,4/25/2026,NATHAN MALDONADO,"  Garcia, Humphrey and Baker Hospital  ",Medicaid,45699.47,326,urgent,5/9/2026,Metformin,ABNORMAL
P00255,Julie Gilbert,1,Female,B-,Asthma,4/24/2026,Elizabeth Fowler,"Garcia, Humphrey and Baker Hospital",Humana,24550.08,577,Elective,4/30/2026,Paracetamol,Inconclusive
P00752,Joshua Lozano,80,Female,A-,Hypertension,6/20/2025,Lisa Jackson,"Turner, Riggs and Roman Hospital",Humana,53752.05,197,Emergency,7/7/2025,Lipitor,Abnormal
P00459,David Jones,22,Male,O+,Arthritis,3/12/2026,Margaret Hawkins DDS,Ross LLC Hospital,Medicare,48613.91,326,Elective,3/26/2026,Aspirin,Inconclusive
P00384,Christina Herrera,80,Male,B-,Arthritis,4/22/2026,Connor West,Patton-Jenkins Hospital,Cigna,5952.46,415,Urgent,4/30/2026,Aspirin,Inconclusive
P00314,Jason Marshall,61,Male,B+,Obesity,1/10/2026,Danny Morgan,"Smith, Montoya and Evans Hospital",Medicare,31675.27,411,Urgent,1/26/2026,Metformin,Abnormal
P00085,CHARLES BROWN,43,F,AB-,heart disease,12/11/2024,WILLIAM BAKER,"  Brewer, Bryant and Hickman Hospital  ",Medicare,35916.1,135,EMERGENCY,12/24/2024,Metformin,
P00575,PAUL MARKS,150,Male,AB+,Asthma,3/2/2025,STEVE SANCHEZ,"  Garcia, Humphrey and Baker Hospital  ",Medicare,23293.2,596,urgent,3/17/2025,Amlodipine,NORMAL
P00137,Patricia Hall,21,female,O-,Asthma,25-04-2026,Michael Lewis,ANDERSON-BAILEY HOSPITAL,Blue Cross,"$5,071.19 ",518,Elective,5/5/2026,Aspirin,Normal
P00112,Veronica Allen,72,Female,A-,Obesity,7/7/2026,Lauren Daniels,Wagner-King Hospital,Humana,19581.21,319,Urgent,,Amlodipine,Inconclusive
P00195,Todd Carlson,49,Female,O+,Migraine,4/9/2025,Monica Herrera,Ross LLC Hospital,Blue Cross,20908.12,434,Elective,4/23/2025,Paracetamol,Normal
P00179,Ronald Ross,70,Female,O+,Arthritis,6/5/2026,Lisa Jackson,Figueroa PLC Hospital,Aetna,31754.49,247,Urgent,6/9/2026,Paracetamol,Abnormal
P00890,JOSE MACDONALD,89,Female,AB-,Asthma,11/1/2025,JAMES FERRELL,"Wright, Garcia and Deleon Hospital",UnitedHealthcare,23598.85,381,Elective,11/17/2025,Lipitor,Inconclusive
P00497,Kelli Arnold,61,Female,O+,Heart Disease,5/7/2026,Monica Herrera,WHITE-ESTES HOSPITAL,Medicare,32593,103,Emergency,7/12/2026,Lipitor,abnormal
P00130,Dwayne Payne,43,Male,B+,Arthritis,6/13/2026,Brittany Farmer,Dickson-Brady Hospital,Blue Cross Blue Shield,48093.74,404,Urgent,7/3/2026,Paracetamol,Abnormal
P00338,Valerie Lane,22,Male,AB-,Diabetes,3/7/2025,Joshua Blair,Williams-Cook Hospital,Humana,32638.26,373,Urgent,3/8/2025,Paracetamol,Inconclusive
P00609,Brian Leon,92,male,O+,Heart Disease,1/10/2025,Ryan MMunoz,MOORE-BASS HOSPITAL,Humana,46610.8,167,Emergency,10/18/2025,Penicillin,abnormal
P00125,Frederick Brown,65,Male,AB+,Heart Disease,3/31/2025,Richard Aguirre,"Brewer, Bryant and Hickman Hospital",Aetna,3561.38,288,Elective,4/19/2025,Paracetamol,Inconclusive
P00965,Rhonda Cooper,40,Male,B+,Arthritis,5/15/2025,Gabrielle Davis,"Garcia, Humphrey and Baker Hospital",Blue Cross,26483.33,270,Elective,6/4/2025,Ibuprofen,Normal
P00227,Raymond Shelton,43,Female,AB-,Migraine,6/27/2026,Angela Lopez,"Turner, Riggs and Roman Hospital",Cigna,44322.17,264,Urgent,7/10/2026,Metformin,Normal
P00269,Chad Baldwin,17,female,A-,Diabetes,8/9/2025,Sherry Decker,Johnson-Doyle Hospital,Cigna,9599.48,368,Emergency,8/18/2025,Aspirin,Inconclusive
P00982,Thomas Lin,7,Female,b+,Migraine,9/19/2024,Allison Hill,"Shields, Cochran and Adams Hospital",Humana,48340.39,490,Urgent,10/8/2024,Penicillin,Normal
P00930,Victor Gibson,82,Female,B+,Migraine,4/13/2026,Paula Moreno,Walker Ltd Hospital,Blue Cross,7523.44,323,Emergency,4/27/2026,Paracetamol,Inconclusive
P00104,Maria Moore,68,Male,A-,Heart Disease,11/15/2024,Richard Aguirre,Nolan and Sons Hospital,Medicare,40923.63,403,Emergency,11/20/2024,Penicillin,Inconclusive
P00594,Mrs. Tonya Kaufman,38,Female,AB+,Asthma,1/21/2025,Brittney Phillips,Patton-Jenkins Hospital,Cigna,35774.8,452,Emergency,2/1/2025,Metformin,Abnormal
P00857,Michael King,71,FEMALE,B+,Arthritis,9/12/2025,Danny Morgan,TORRES-POPE HOSPITAL,Medicaid,23449.7,572,Urgent,12/13/2025,Amlodipine,Abnormal
P00659,GARY MCCANN,91,Female,AB+,Hypertension,7/8/2025,LISA HENSLEY,  Rasmussen LLC Hospital  ,Aetna,39376.81,126,elective,7/15/2025,Ibuprofen,ABNORMAL
P00228,Felicia Rivera,51,Female,AB+,Heart Disease,10/2/2024,Lauren Daniels,Davis Group Hospital,Cigna,17622.99,292,Elective,10/18/2024,Amlodipine,Abnormal
P00888,Karen Garza,20,Male,AB-,Asthma,11/15/2024,Eric Carney,Patton-Jenkins Hospital,Medicaid,43492.66,507,Elective,11/18/2024,Amlodipine,Normal
P00302,PATRICIA ANDERSON,49,Male,A-,Hypertension,10/2/2025,ANTHONY HUMPHREY,White-Estes Hospital,Medicare,19128.55,557,Elective,10/5/2025,Metformin,Normal
P00276,robert adams,1,Female,AB+,Hypertension,1/12/2026,Justin Baker,Walker Ltd Hospital,Blue Cross,52328.97,314,Elective,1/13/2026,Paracetamol,Normal
P00127,CHRISTOPHER LYNCH,8,Female,a-,Arthritis,1/5/2026,MONICA HERRERA,  Torres-Pope Hospital  ,Medicaid,8721.93,188,emergency,1/22/2026,IBUPROFEN,
P00406,Shawn Odom,62,Female,,Arthritis,,Jessica Holmes,"Turner, Riggs and Roman Hospital",,30970.61,542,Urgent,4/27/2026,Paracetamol,Inconclusive
P00894,John Robinson,90,Male,O+,Diabetes,11/11/2025,Shannonn Jones,Nolan and Sons Hospital,Aetna,6889.35,459,Emergency,11/16/2025,Metformin,Inconclusive
P00037,Garrett Gibson,69,Male,ab-,migraine,1/4/2025,Gabrielle Davis,"Tran, Jordan and Williams Hospital",medicare,28835.66,260,,1/5/2025,AMLODIPINE,Normal
P00140,Amanda Kramer,20,Female,A-,Obesity,11/4/2024,Rebecca Henderson,"Patterson, Smith and Jones Hospital",Aetna,12253.18,124,Emergency,11/13/2024,Penicillin,Inconclusive
P00304,Timothy Perez,94,Female,AB+,Obesity,4/4/2025,Rebecca Henderson,Suarez LLC Hospital,AETNA,39851.08,301,Urgent,4/22/2025,Lipitor,Abnormal
P00268,Melinda Pollard,40,Male,A-,Diabetes,12/7/2025,Derek Zuniga,"Cunningham, Stewart and Green Hospital",Blue Cross,33681.37,354,Elective,12/27/2025,Lipitor,Inconclusive
P00534,  Sheila Boone  ,150,Female,A+,Heart Disease,8/16/2025,  Rebecca Henderson  ,Torres-Pope Hospital,Cigna,19864.24,310,Urgent,8/29/2025,Lipitor,Abnormal
P00546,Kevin Stone,33,Female,O-,Cancer,1/28/2025,Sarah Moore,Campbell-Clark Hospital,Medicare,44226.24,272,Urgent,2/6/2025,Metformin,Normal
P00213,David Thompson,37,male,O+,Asthma,12/10/2024,Michele Williams,Suarez LLC Hospital,Medicare,29697.73,176,Emergency,12/19/2024,Ibuprofen,Inconclusive
P00469,  Heather Raymond  ,56,M,b+,heart disease,4/1/2025,  Whitney Peters  ,Campbell-Clark Hospital,UHC,22219.72,302,,4/4/2025,LIPITOR,Normal
P00199,leslie rose,-5,Female,o-,Cancer,11/14/2024,William Baker,Harris-Walters Hospital,Humana,-13838.01,542,Emergency,11/16/2024,IBUPROFEN,Inconclusive
P00528,Anthony Ramirez,38,Female,O-,Cancer,2/24/2026,Justin Baker,"Mckee, Gardner and Davenport Hospital",Cigna,"$25,187.11 ",391,Urgent,3/1/2026,Aspirin,Abnormal
P00796,Matthew Obrien,62,Male,,Migraine,4/12/2026,Monica Herrera,"Patterson, Smith and Jones Hospital",medicare,45168.41,375,Emergency,4/17/2026,Lipitor,Inconclusive
P00242,Nicole Bowers,54,Male,O+,Migraine,8/3/2026,Tommy Walter,Gonzalez Group Hospital,Medicaid,28339.96,375,Urgent,8/8/2026,Metformin,Normal
P00343,Kaitlyn Charles,2,Male,a-,Heart Disease,8/26/2025,Carla  Gray,Anderson-Bailey Hospital,Humana,13280.54,361,Emergency,9/6/2025,METFORMIN,Inconclusive
P00550,Robert Baxter,60,Male,o-,Obesity,3/31/2025,Shannon Jones,"Mckee, Gardner and Davenport Hospital",CIGNA,14306.8,182,Emergency,4/6/2025,Aspirin,Normal
P00387,Justin Hansen,78,Male,AB+,Asthma,11/29/2024,James Brown,Campbell-Clark Hospital,Cigna,10079.47,475,Urgent,12/3/2024,Paracetamol,Inconclusive
P00863,Ian Frazier,62,Male,O+,Diabetes,12/6/2025,Elizabeth Fowler,Moore-Bass Hospital,Cigna,18821.69,286,Elective,12/14/2025,Aspirin,Inconclusive
P00207,Carolyn Meza,47,Female,O-,Hypertension,6/17/2025,Victoria Garcia,"Mckee, Gardner and Davenport Hospital",Blue Cross,17309.01,289,Elective,6/29/2025,Penicillin,Normal
P00296,Cynthia Snyder,23,Female,B-,Asthma,8/15/2026,Joshua Blair,"Patterson, Smith and Jones Hospital",Medicaid,35880.32,452,Elective,8/31/2026,Ibuprofen,Normal
P00970,Margaret Mcfarland,29,Male,AB-,Heart Disease,7/25/2026,Daniel  Wagner,Davis Group Hospital,Medicare,"$53,835.74 ",479,Urgent,7/30/2026,Penicillin,Abnormal
P00074,Brittany Shepherd,63,Male,O-,Arthritis,10/20/2025,Crystal Robinson,"Tran, Jordan and Williams Hospital",Cigna,35095.77,443,Emergency,11/3/2025,Amlodipine,Normal
P00748,Lisa Haynes,49,Male,o+,Asthma,11/6/2024,Allison Hill,Nolan and Sons Hospital,AETNA,44496.29,137,Elective,11/17/2024,Paracetamol,Inconclusive
P00105,  Michael Perry  ,6,F,O-,Diabetes,7/7/2026,  Gina Moore  ,"RODRIGUEZ, BRENNAN AND GARRISON HOSPITAL",Humana,52025.15,305,Elective,7/15/2026,Metformin,Normal
P00861,Rhonda Benjamin,65,male,B-,ASTHMA,12/14/2024,Anthony Rodriguez,Moore-Bass Hospital,Blue Cross,38712.4,305,Emergency,18-12-2024,aspirin,Normal
P00821,Abigail Owens,150,FEMALE,B+,OBESITY,12/20/2024,Zachary Hicks,Gonzalez Group Hospital,Medicaid,1000.77,333,Emergency,2/1/2025,lipitor,Abnormal
P00969,louis ford,46,FEMALE,AB-,Heart Disease,17-07-2025,Dylan Miller,WALSH LLC HOSPITAL,Medicaid,-25501.92,365,Urgent,7/29/2025,Metformin,Normal
P00017,Michael Stafford,36,F,B-,Asthma,13-06-2025,Lauren Daniels,MAY-ROSS HOSPITAL,UnitedHealthcare,28521.51,224,Elective,6/16/2025,Amlodipine,abnormal
P00440,Hector Norton,59,Female,AB+,Heart Disease,11/21/2025,Matthew Foster,"Mckee, Gardner and Davenport Hospital",Aetna,6514.42,177,Emergency,12/1/2025,Lipitor,Normal
P00092,JOSEPH RAMOS,46,Male,B-,Obesity,3/5/2026,DEREK ZUNIGA,Suarez LLC Hospital,Medicaid,33585.04,430,Emergency,3/13/2026,Aspirin,Abnormal
P00089,lindsey johnson,60,FEMALE,B+,Hypertension,6/6/2026,Timothy Duncan,NOLAN-FLYNN HOSPITAL,Medicare,-49490.51,253,Urgent,6/7/2026,Penicillin,Inconclusive
P00451,Elizabeth Elliott,,Male,,,,Richard Aguirre,Figueroa PLC Hospital,Humana,,234,Urgent,4/26/2026,ASPIRIN,Abnormal
P00103,Danny Skinner,4,Male,A+,Arthritis,9/3/2024,Rebecca Henderson,"Rivera, Johnson and Wiley Hospital",CIGNA,"$36,527.64 ",108,Emergency,9/7/2024,Aspirin,Normal
P00239,LINDA MOORE,91,Male,A-,Asthma,5/27/2026,JOHN PIERCE,"  Mckee, Gardner and Davenport Hospital  ",Blue Cross,"$11,715.25 ",334,emergency,6/3/2026,Aspirin,INCONCLUSIVE
P00724,Bruce Brown,81,Male,AB+,Diabetes,10/27/2025,Margaret Hawkins DDS,Ross LLC Hospital,MEDICARE,54958.68,135,Elective,11/9/2025,Paracetamol,Abnormal
P00247,John Watson,150,Female,AB+,Arthritis,5/25/2026,Jamie Arnold,Patton-Jenkins Hospital,Humana,16725.14,160,Emergency,6/2/2026,Ibuprofen,Inconclusive
P00716,norman aguilar,75,Female,A-,Arthritis,6/18/2026,  Danny Morgan  ,"Rivera, Johnson and Wiley Hospital",Aetna,45718.14,351,Emergency,6/26/2026,Aspirin,Abnormal
P00158,Claudia Wallace,10,Male,AB-,Hypertension,3/17/2025,Richard Aguirre,"Shields, Cochran and Adams Hospital",Medicaid,45372,364,Elective,3/31/2025,Ibuprofen,Inconclusive
P00480,Rebecca Chambers,51,Male,A-,Migraine,10/14/2024,Tracy House,Johnson-Carlson Hospital,Humana,19127.35,420,Urgent,10/19/2024,Ibuprofen,Abnormal
P00646,Ashley Crawford,92,Female,,Diabetes,11/14/2025,Megan Young,"Brewer, Bryant and Hickman Hospital",Humana,20283.39,478,Urgent,11/19/2025,Amlodipine,Normal
P00849,Stephen Sanford,58,MALE,B-,Asthma,1/12/2025,Ryan Munoz,NOLAN AND SONS HOSPITAL,Humana,2808.4,168,Urgent,12/21/2025,Aspirin,normal
P00827,ERIN CARTER,26,Male,AB-,Hypertension,6/1/2026,LISA JACKSON,"  Wright, Garcia and Deleon Hospital  ",UnitedHealthcare,11932.27,447,emergency,6/6/2026,Paracetamol,NORMAL
P00019,Julie Grant,94,Female,a-,Cancer,4/4/2026,Matthew Foster,Campbell-Clark Hospital,Medicare,3803.39,329,Emergency,4/8/2026,PENICILLIN,Normal
P00708,JOSEPH HANSON,17,Male,B-,Heart Disease,1/31/2025,VICTORIA GARCIA,"Brewer, Bryant and Hickman Hospital",Medicaid,39257.71,180,Urgent,2/16/2025,Aspirin,Normal
P00122,cynthia cohen,22,Male,A-,Cancer,9/24/2025,Angelica Tucker,Nolan-Flynn Hospital,Medicaid,18652.24,590,Urgent,10/2/2025,Amlodipine,Normal
P00839,Michael Johnson,90,Male,AB-,Asthma,4/14/2026,Mark Perez,"Smith, Montoya and Evans Hospital",Cigna,54747.08,503,Elective,4/23/2026,Penicillin,Normal
P00707,Sarah Stevens,34,Female,O+,Heart Disease,3/14/2025,Connor West,Hancock and Sons Hospital,Humana,42945.95,183,Emergency,3/31/2025,Lipitor,Normal
P00275,Gina Lopez,76,Female,B-,Cancer,7/12/2025,Carla Gray,"Cunningham, Stewart and Green Hospital",UnitedHealthcare,25784,112,Emergency,7/20/2025,Lipitor,Abnormal
P00434,Daniel Bryant,22,Male,A+,Arthritis,10/13/2024,Fred Smith,"Rodriguez, Brennan and Garrison Hospital",UnitedHealthcare,29207.46,599,Urgent,10/18/2024,Aspirin,Inconclusive
P00901,Matthew Winters,,Male,,,,Margaret Hawkins DDS,Ross LLC Hospital,Aetna,,,,3/9/2026,LIPITOR,Normal
P00312,Maria Turner,51,Female,AB+,Heart Disease,6/5/2026,Noah Rhodes,Johnson-Carlson Hospital,Medicare,21651.4,367,Elective,6/8/2026,Paracetamol,Abnormal
P00761,Jacqueline Cooper,33,FEMALE,AB+,CANCER,3/9/2025,Megan  Young,"TURNER, RIGGS AND ROMAN HOSPITAL",Humana,3729335,485,Urgent,16-03-2025,metformin,Inconclusive
P00838,Natalie Graham,21,Female,o-,Hypertension,4/22/2026,Tricia Valencia,Johnson-Doyle Hospital,,35912.41,173,Urgent,5/5/2026,Ibuprofen,Normal
P00547,GREG MARTINEZ,87,Male,A-,Diabetes,7/16/2025,CRYSTAL ROBINSON,  Suarez LLC Hospital  ,Medicare,30344.88,153,urgent,7/27/2025,Penicillin,
P00182,Patrick Watson,71,Male,O+,Heart Disease,10/26/2024,Gerald Hensley,Campbell-Clark Hospital,Humana,782.39,593,Elective,10/31/2024,Aspirin,Abnormal
P00185,Amber Roberts,18,female,AB Positive,Cancer,30-06-2025,Dylan Miller,"TRAN, JORDAN AND WILLIAMS HOSPITAL",Blue Cross,29075.36,474,Elective,7/18/2025,Metformin,Abnormal
P00407,DONALD HAWKINS,90,Male,A-,Cancer,9/10/2025,AMBER KIDD,  Dickson-Brady Hospital  ,Humana,24839.42,273,urgent,9/18/2025,Lipitor,INCONCLUSIVE
P00607,Edwin Wilkins,90,Female,A-,Arthritis,6/10/2025,Lisa Jackson,"Cunningham, Stewart and Green Hospital",Blue Cross,15294.51,365,Elective,6/20/2025,Aspirin,Abnormal
P00693,Jacqueline Brown,15,M,A-,Diabetes,8/14/2025,Jessica Callahan,Suarez LLC Hospital,Blue Cross,44044.79,422,Emergency,8/29/2025,Amlodipine,Normal
P00521,  Angie Grimes  ,29,M,AB+,ARTHRITIS,3/5/2025,  Jessica Holmes  ,NEWTON AND SONS HOSPITAL,Medicaid,1312733,569,Urgent,21-03-2025,aspirin,Abnormal
P00381,Samantha Gill,51,M,AB+,CANCER,3/1/2026,Angelicaa Tucker,Harris-Walters Hospital,UnitedHealthcare,31713.16,563,Urgent,2/3/2026,amlodipine,Inconclusive
P00411,Joshua Allen,150,Male,B+,HYPERTENSION,4/1/2025,Jeffrey Chavez,Dickson-Brady Hospital,Cigna,20105.83,442,Elective,3/4/2025,Penicillin,Inconclusive
P00635,Christopher Lang,80,Male,A-,Arthritis,4/6/2026,Debra Davidson,"Ferrell, Jones and Lewis Hospital",Medicare,44350.86,510,Urgent,4/19/2026,Penicillin,Abnormal
P00370,George Phillips,150,Female,a-,Arthritis,2/1/2026,Carol Tucker,Wagner-King Hospital,BlueCross,27235.03,366,Emergency,2/11/2026,Amlodipine,Inconclusive
P00813,MELISSA WILLIAMS,30,F,O+,Hypertension,3/30/2026,ANGELICA TUCKER,  Johnson-Doyle Hospital  ,UnitedHealthcare,37447.15,437,urgent,4/10/2026,Paracetamol,INCONCLUSIVE
P00508,  Charles Price  ,81,Female,AB-,Heart Disease,11/18/2024,  Crystal Robinson  ,Smith PLC Hospital,Humana,26741.51,366,Elective,11/23/2024,Lipitor,Inconclusive
P00756,William Baker,82,Male,B-,Cancer,12/9/2025,Judy Baker,Patton-Jenkins Hospital,Humana,32174.67,220,Elective,12/18/2025,Ibuprofen,Abnormal
P00079,  Lori Baker  ,35,Female,O-,Heart Disease,11/5/2024,  James Ferrell  ,"Shields, Cochran and Adams Hospital",medicare,28233.52,174,Elective,11/15/2024,Ibuprofen,Inconclusive
P00574,Gregory Holmes PhD,35,Male,AB-,Asthma,9/2/2024,Cristian Santos,May-Ross Hospital,AETNA,34945.15,243,Emergency,9/9/2024,Paracetamol,Abnormal
P00638,MARY WILLIS,56,Male,B-,Arthritis,10/17/2024,JOHN DANIEL,"Smith, Montoya and Evans Hospital",Blue Cross,44586.87,177,Urgent,11/4/2024,Metformin,Abnormal
P00608,Sarah Hawkins,21,Male,B-,Asthma,12/30/2024,Jessica Callahan,Wagner-King Hospital,Humana,19047.06,196,Urgent,1/13/2025,Lipitor,Inconclusive
P00797,Jennifer Lynch,60,Female,O-,Obesity,4/17/2025,Joshua Blair,Rasmussen LLC Hospital,Medicare,14522.4,346,Emergency,4/23/2025,Aspirin,Normal
P00998,Frank Hernandez DVM,81,Male,B-,Diabetes,1/19/2026,Derek Zuniga,"Cunningham, Stewart and Green Hospital",Cigna,32224.88,496,Elective,1/22/2026,Lipitor,Inconclusive
P00834,MATTHEW FLORES,84,Male,A-,Obesity,8/15/2025,CRISTIAN SANTOS,Anderson-Bailey Hospital,Aetna,"$31,841.92 ",359,Elective,8/20/2025,Aspirin,Inconclusive
P00957,Veronica Parks,76,F,AB+,Heart Disease,7/20/2025,Carla Gray,Torres-Pope Hospital,Aetna,11872.05,568,Emergency,7/31/2025,Ibuprofen,Abnormal
P00417,  Laurie Powers  ,23,Female,AB-,Arthritis,17-10-2024,  Stephanie Ross  ,MAY-ROSS HOSPITAL,Cigna,30723.06,193,Urgent,10/20/2024,Metformin,normal
P00745,Amber Wilson,19,Male,B-,diabetes,12/11/2024,Shannon Jones,NOLAN-FLYNN HOSPITAL,BlueCross,36343.39,599,EMERGENCY,12/1/2024,Metformin,Normal
P00562,james combs,-5,Male,A-,Hypertension,5/15/2025,Donald Wright,White-Estes Hospital,Humana,"$33,811.81 ",415,Emergency,5/30/2025,Paracetamol,Normal
P00068,Dr. Elizabeth Ward,27,Male,AB+,Hypertension,11/4/2025,Margaret Hawkins DDS,Davis Group Hospital,Blue Cross,52143.67,382,Emergency,11/8/2025,Ibuprofen,Normal
P00537,Frank Campbell MD,40,Male,AB-,Diabetes,19-04-2026,Victoria Garcia,"SHIELDS, COCHRAN AND ADAMS HOSPITAL",Medicare,43996.35,563,Elective,5/7/2026,Lipitor,Inconclusive
P00078,AMY CHOI,2,Female,A-,Cancer,7/4/2025,DYLAN MILLER,"Shields, Cochran and Adams Hospital",Aetna,17435.88,431,Emergency,7/10/2025,Penicillin,Inconclusive
P00106,JESUS THOMAS,57,Male,,Arthritis,8/12/2025,MEGAN YOUNG,"Smith, Montoya annd Evans Hospital",AETNA,39325.87,164,Elective,8/28/2025,Lipitor,Inconclusive
P00969,louis ford,46,FEMALE,AB-,Heart Disease,17-07-2025,Dylan Miller,WALSH LLC HOSPITAL,Medicaid,-25501.92,365,Urgent,7/29/2025,Metformin,Normal
P00783,Ruth Richard,88,Male,B Negative,Hypertension,5/1/2025,Patty Perez,"Garcia, Humphrey and Baker Hospital",Aetna,"$45,218.70 ",312,Urgent,5/12/2025,Paracetamol,Abnormal
P00639,william oconnor,9,Male,O+,Obesity,4/28/2025,Sherri Baker,"Garcia, Humphrey and Baker Hospital",Cigna,-22859.18,451,Urgent,5/12/2025,Ibuprofen,Abnormal
P00560,  James Allen  ,86,Female,B+,Cancer,3/28/2026,  Ryan Munoz  ,"Brewer, Bryant and Hickman Hospital",Medicaid,44487.15,172,Elective,4/4/2026,Metformin,Normal
P00935,Reginald Maldonado,27,Female,A-,Heart Disease,2/18/2025,Angie Henderson,Hancock and Sons Hospital,Aetna,46531.99,349,Urgent,3/6/2025,Paracetamol,Normal
P00691,Nicholas Jacobs,65,Male,,,3/13/2026,Michael Lewis,Moore-Bass Hospital,medicare,,216,Emergency,3/19/2026,Lipitor,Normal
P00872,  Ann Cox  ,1,Male,B-,Diabetes,11/30/2024,  Amber Kidd  ,"Shields, Cochran and Adams Hospital",Medicare,11777.39,462,Urgent,12/9/2024,Lipitor,Abnormal
P00943,Derek Perez,83,Female,O+,Diabetes,2/12/2025,Dylan Miller,Newton and Sons Hospital,Humana,16494.31,265,Elective,2/26/2025,Amlodipine,Normal
P00874,Brenda Moore,36,Male,ab+,Diabetes,1/7/2026,James Ferrell,Harris-Walters Hospital,MEDICARE,51841.51,159,Emergency,1/12/2026,Metformin,Abnormal
P00736,SHAWN COLLINS,55,Male,,Cancer,2/12/2026,PATTY PEREZ,"Tran, Jordan and WWilliams Hospital",CIGNA,53806.21,132,Urgent,2/20/2026,Metformin,Normal
P00781,  Tracey Walsh  ,5,MALE,,,4/20/2026,  Tracy House  ,Suarez LLC Hospital,UnitedHealthcare,,,ELECTIVE,4/26/2026,penicillin,Normal
P00491,ZACHARY WEBB,7,Male,O-,HEART DISEASE,1/11/2026,JAMIE ARNOLD,  Torres-Pope Hospital  ,Aetna,16545.88,192,urgent,25-01-2026,Metformin,INCONCLUSIVE
P00369,Nicholas Wong,20,Male,B Positive,Arthritis,8/4/2026,Angela Lopez,SMITH PLC HOSPITAL,Humana,39178.07,577,Urgent,4/23/2026,Lipitor,inconclusive
P00847,Christopher Robinson,64,Male,o+,Asthma,4/17/2026,Gerald Hensley,Gonzalez Group Hospital,Medicare,30701.71,450,Urgent,4/27/2026,LIPITOR,Inconclusive
P00606,michael schmitt,38,Male,B-,Asthma,5/13/2026,Lisa Hensley,White-Estes Hospital,Humana,3154.96,185,Urgent,5/25/2026,Aspirin,Abnormal
P00364,russell french,-5,Female,AB+,Asthma,7/8/2026,Gina Moore,Figueroa PLC Hospital,BlueCross,11394.68,485,Urgent,7/10/2026,Paracetamol,Abnormal
P00070,Tony Little,34,Male,O Positive,Hypertension,10/3/2024,William Baker,Wagner-King Hospital,Medicaid,37962.48,176,Elective,10/6/2024,Amlodipine,Normal
P00549,Ashley Richardson,91,MALE,A-,Asthma,10/29/2024,Joshua Blair,May-Ross Hospital,Humana,35275.52,595,Emergency,11/18/2024,Paracetamol,Inconclusive
P00161,Samantha Davis,83,male,B+,ASTHMA,8/2/2026,Lisa Barnes,WHITE-ESTES HOSPITAL,Cigna,559185,531,Urgent,20-08-2026,paracetamol,normal
P00012,mary campbell,23,Male,AB+,Cancer,7/27/2026,Carla Gray,Nolan and Sons Hospital,Humana,53467.9,182,Urgent,8/5/2026,Amlodipine,Inconclusive
P00145,Regina Mcdonald,62,MALE,b+,hypertension,28-03-2025,Brent Jordan,"BREWER, BRYANT AND HICKMAN HOSPITAL",Cigna,53954.65,203,,4/12/2025,AMLODIPINE,normal
P00518,kimberly sherman phd,61,Male,A-,Migraine,9/26/2025,Abigail Shaffer,Anderson-Bailey Hospital,UnitedHealthcare,7589.03,300,Emergency,9/28/2025,Metformin,Inconclusive
P00428,TERRI MORGAN,87,Male,B+,Obesity,2/20/2025,PHILIP CANNON,"Mckee, Gardner and Davenport Hospital",Medicaid,19634.43,361,Elective,2/24/2025,Amlodipine,Inconclusive
P00640,Katelyn Stewart,25,Male,b-,Obesity,7/10/2025,John Daniel,Gonzalez Group Hospital,medicare,6688.94,323,Elective,7/18/2025,Metformin,Normal
P00177,ashley pena,23,Female,AB-,Arthritis,5/7/2025,Nathan Maldonado,JOHNSON-CARLSON HOSPITAL,UnitedHealthcare,-17599.52,198,Emergency,7/18/2025,Aspirin,inconclusive
P00441,judy sanchez,37,F,B+,HEART DISEASE,10/21/2024,Noah Rhodes,WAGNER-KING HOSPITAL,Aetna,-53492.13,177,Emergency,27-10-2024,penicillin,Normal
P00522,Christine Rojas,9,Female,A-,Arthritis,11/18/2024,Gerald Hensley,"Shields, Cochran and Adams Hospital",Humana,27069.12,187,Elective,12/3/2024,Amlodipine,Abnormal
P00875,Shelby Thomas,42,Male,AB Positive,Asthma,10/13/2025,Crystal RRobinson,Johnson-Carlson Hospital,Cigna,53485.92,266,Emergency,11/2/2025,Metformin,Normal
P00947,steven ibarra,36,Female,A-,Hypertension,5/23/2025,Richard Aguirre,"Garcia, Humphrey and Baker Hospital",Medicare,-3050.16,267,Urgent,6/8/2025,Penicillin,Normal
P00689,Shannon Cohen,21,MALE,AB+,Hypertension,9/4/2025,Gerald Hensley,"TURNER, RIGGS AND ROMAN HOSPITAL",Blue Cross,43880.51,202,Emergency,4/21/2025,Lipitor,abnormal
P00232,MICHAEL MILLER,-5,Male,B-,Arthritis,12/22/2025,PATTY PEREZ,Johnson-Carlsson Hospital,Aetna,35280.83,388,Urgent,1/11/2026,Metformin,Inconclusive
P00211,KERRY LEE,86,Male,,,10/19/2024,DEREK ZUNIGA,  Wagner-King Hospital  ,Aetna,,462,emergency,10/22/2024,Paracetamol,
P00641,Stacy Austin,18,Male,AB+,OBESITY,1/23/2026,Jordan Henderson,NEWTON AND SONS HOSPITAL,Medicaid,918504,536,Emergency,30-01-2026,metformin,abnormal
P00144,terry coffey,95,Female,B+,Diabetes,12/23/2024,  Philip Cannon  ,Ross LLC Hospital,Cigna,42546.82,516,Urgent,12/27/2024,Ibuprofen,Inconclusive
P00754,Kathleen Herring,66,Female,B-,Hypertension,11/13/2024,Victoria Garcia,Johnson-Carlson Hospital,AETNA,48070.41,185,Urgent,11/22/2024,Penicillin,Inconclusive
P00520,Shaun Johnson,60,Male,A-,Heart Disease,12/15/2025,Lisa Hensley,"Shields, Cochran and Adams Hospital",CIGNA,53565.66,450,Urgent,12/18/2025,Metformin,Abnormal
P00050,ANDREA HOLLAND,55,Male,O-,Asthma,9/18/2025,ABIGAIL SHAFFER,Williams-Cook Hospital,UnitedHealthcare,5075.14,267,Emergency,9/19/2025,Penicillin,Abnormal
P00299,Jason Ortiz,34,Male,B-,Hypertension,1/31/2026,Angelica Tucker,Williams-Cook Hospital,Humana,24841.33,155,Urgent,2/11/2026,Paracetamol,Normal
P00767,Sheryl Acosta,78,Female,O+,Cancer,11/14/2025,Jessica Holmes,"Ferrell, Jones and Lewis Hospital",Medicare,31466.4,297,Emergency,11/25/2025,Penicillin,Normal
P00429,Nathaniel Singh MD,49,Female,O-,Asthma,3/6/2026,Patty Perez,"Tran, Jordan and Williams Hospital",UnitedHealthcare,48984.97,423,Urgent,3/21/2026,Lipitor,Abnormal
P00613,Matthew Lamb,2,Male,a-,cancer,8/23/2026,Sarah Moore,Campbell-Clark Hospital,Blue Cross,"$16,939.70 ",443,,8/26/2026,PARACETAMOL,Normal
P00933,Joshua Leon,69,M,O+,Obesity,9/4/2025,Abigail Shaffer,Walsh LLC Hospital,Aetna,16682.28,578,Emergency,9/12/2025,Metformin,Normal
P00942,Cheryl Mclaughlin,73,Female,AB-,Hypertension,2/21/2026,Richard Aguirre,"Garcia, Humphrey and Baker Hospital",Aetna,23897.56,590,Urgent,3/6/2026,Aspirin,Inconclusive
P00009,Roy Torres,75,female,O+,Arthritis,15-10-2025,Zachary Hicks,"TURNER, RIGGS AND ROMAN HOSPITAL",Medicare,29874.26,352,Emergency,11/2/2025,Amlodipine,Normal
P00157,  Lisa Crosby  ,71,Male,A-,hypertension,12/16/2025,  Brittany Farmer  ,Dickson-Brady Hospital,Medicaid,20605.66,468,ELECTIVE,1/4/2026,Lipitor,Abnormal
P00540,BROOKE BRYANT,36,Female,AB+,Diabetes,9/5/2024,DYLAN MILLER,White-Estes Hospital,Blue Cross,7723.36,565,Urgent,9/14/2024,Metformin,Normal
P00507,emily allen,93,Male,B Positive,Cancer,10/30/2025,Sherry Decker,"Tran, Jordan and Williams Hospital",Medicaid,-19104.21,345,Elective,11/10/2025,Amlodipine,Normal
P00437,Kimberly Mitchell,69,MALE,O-,Heart Disease,9/6/2024,Elizabeth Fowler,"Cunningham, Stewart and Green Hospital",Humana,16128.54,320,Elective,9/18/2024,Lipitor,Normal
P00267,HAROLD MORGAN,76,Male,AB+,Migraine,3/1/2026,REBECCA HENDERSON,  Smith PLC Hospital  ,Blue Cross,18307.89,144,elective,3/19/2026,Paracetamol,ABNORMAL
P00462,Ashley Miller,28,Female,A+,Obesity,7/16/2025,Jordan Henderson,Torres-Pope Hospital,Medicare,54149.5,392,Urgent,7/26/2025,Ibuprofen,Normal
P00577,Deborah Proctor,75,MALE,b+,diabetes,4/7/2025,Mark Perez,"BREWER, BRYANT AND HICKMAN HOSPITAL",Aetna,18337.63,340,,7/12/2025,AMLODIPINE,inconclusive
P00339,  John Warren  ,84,Male,A+,Hypertension,2/7/2025,  Mark Perez  ,Patton-Jenkins Hospital,UnitedHealthcare,36577.36,163,Urgent,2/9/2025,Aspirin,Abnormal
P00256,Daniel Hernandez,48,Male,,Migraine,6/18/2026,Brittany Farmer,Wagner-King Hospital,UHC,"$14,146.22 ",435,Emergency,6/30/2026,Metformin,Normal
P00807,  Brian James  ,80,Male,B+,Hypertension,6/29/2025,  Cassandra Gaines  ,Anderson-Bailey Hospital,UnitedHealthcare,34662.64,163,Elective,7/14/2025,Paracetamol,Abnormal
P00854,Clinton Jensen,33,Male,O-,Migraine,5/9/2026,Shane Henderson,"Patterson, Smith and Jones Hospital",Cigna,42434.89,319,Emergency,5/14/2026,Lipitor,Abnormal
P00666,JASMINE WATSON,19,Male,AB-,Hypertension,3/6/2025,JUSTIN BAKER,Figueroa PLC Hospital,Blue Cross,46598.19,527,Emergency,3/10/2025,Metformin,Inconclusive
P00561,STEPHEN SMITH,80,MALE,B-,ASTHMA,12/4/2025,NOAH RHODES,NEWTON AND SONS HOSPITAL,Medicaid,4994125,125,elective,20-12-2025,amlodipine,NORMAL
P00209,  James Miller  ,49,MALE,O-,Arthritis,10/11/2024,  Tricia Valencia  ,GONZALEZ GROUP HOSPITAL,Medicaid,18477.66,428,Urgent,11/17/2024,Penicillin,abnormal
P00288,ALLISON LOPEZ,150,Male,O+,Arthritis,3/16/2025,GERALD HENSLEY,Ross LLC Hospital,Humana,34876.11,348,Elective,3/24/2025,Lipitor,Inconclusive
P00002,Cheryl Williams,65,Male,B-,Migraine,11/17/2024,Zachary Hicks,Patton-Jenkins Hospital,Medicare,12415.77,242,Emergency,11/20/2024,Amlodipine,Normal
P00342,jason harris,46,Female,AB+,Asthma,7/13/2025,Connie Lawrence,Rasmussen LLC Hospital,UnitedHealthcare,53535.02,566,Emergency,7/30/2025,Metformin,Abnormal
P00270,Dakota Moody,64,Female,AB-,Diabetes,7/15/2026,Donald Wright,May-Ross Hospital,Blue Cross,34700.54,288,Emergency,8/3/2026,Aspirin,Normal
P00266,Ashley Perkins,11,Male,AB+,Hypertension,2/17/2025,Brittany Farmer,Anderson-Bailey Hospital,Medicare,38748.68,571,Emergency,3/3/2025,Amlodipine,Normal
P00897,ANDREA GRAY,20,Male,A+,Asthma,30-06-2026,JESSICA CALLAHAN,"GARCIA, HUMPHREY AND BAKER HOSPITAL",Aetna,16128.91,302,elective,7/1/2026,Metformin,ABNORMAL
P00991,rebecca kelley,-5,Male,,,,Amber Kidd,"Ferrell, Jones and Lewis Hospital",BlueCross,,435,Emergency,4/1/2026,ASPIRIN,Inconclusive
P00096,Amanda Miller,82,Female,A-,Cancer,6/13/2025,Victoriaa Garcia,"Moran, Allen and Foster Hospital",Medicare,32358.52,552,Urgent,6/22/2025,Aspirin,Inconclusive
P00975,Scott Martinez,76,Male,A+,Heart Disease,7/20/2025,Brittany Farmer,"Cunningham, Stewart and Green Hospital",UnitedHealthcare,15924.44,280,Urgent,7/27/2025,Amlodipine,Normal
P00043,JULIE SCOTT,90,Female,A+,Cancer,11/16/2024,BRIAN RAMIREZ,"  Shields, Cochran and Adams Hospital  ",Blue Cross,12426.84,510,elective,11/30/2024,Metformin,
P00806,KIMBERLY RICH,15,Female,B Negative,Asthma,12/30/2025,JUDY BAKER,Smith PLC Hospital,Medicaid,10418.15,193,Emergency,1/15/2026,Aspirin,Abnormal
P00811,Megan Hoffman,90,Female,,,,Megan Young,Moore-Bass Hospital,,,371,Elective,7/25/2025,,Normal
P00837,sara harris,78,MALE,AB-,Obesity,1/27/2025,Holly  Wood,Johnson-Carlson Hospital,UnitedHealthcare,-52679.55,138,Urgent,2/3/2025,Aspirin,Abnormal
P00629,Carrie Young MD,37,Female,A+,Diabetes,7/9/2026,Sarah Moore,"Brewer, Bryant and Hickman Hospital",Blue Cross,37368.58,528,Elective,7/29/2026,Aspirin,Inconclusive
P00046,Susan Brooks,11,Male,,Cancer,,Eric Carney,"Smith, Montoya and Evans Hospital",Medicaid,49169.96,209,Emergency,7/16/2026,Penicillin,Abnormal
P00162,TRICIA WILLIAMS,83,Female,B Negative,Migraine,1/27/2025,LISA BARNES,"Moran, Allen and Foster Hospital",UnitedHealthcare,2977.67,555,Urgent,1/30/2025,Lipitor,Abnormal
P00728,Dr. Victoria Thomas,84,Male,A+,Heart Disease,5/2/2025,Brian Ramirez,Nolan-Flynn Hospital,Humana,29828.16,292,Urgent,5/15/2025,Aspirin,Abnormal
P00630,Kevin Warner,81,Female,O+,Hypertension,2/15/2026,Shannon Jones,Nolan-Flynn Hospital,Cigna,"$1,966.04 ",310,Elective,,Paracetamol,Inconclusive
P00289,Autumn Hampton,24,MALE,ab-,cancer,7/9/2025,Daniel Wagner,WALSH LLC HOSPITAL,AETNA,21666.78,514,,9/18/2025,LIPITOR,abnormal
P00590,Dr. Morgan Payne PhD,37,Male,B+,Arthritis,8/5/2026,Sherri  Baker,"Shields, Cochran and Adams Hospital",Blue Cross,26891.25,416,Emergency,8/13/2026,Metformin,Inconclusive
P00898,  Joseph Blankenship  ,34,Female,B Negative,Migraine,11/29/2024,  Margaret Hawkins DDS  ,Walsh LLC Hospital,AETNA,39271.67,367,Elective,12/17/2024,Ibuprofen,Inconclusive
P00959,Robert Rodgers,14,Male,B-,Diabetes,5/12/2026,Brent Jordan,Newton and Sons Hospital,Cigna,8527.29,114,Elective,5/16/2026,Metformin,Inconclusive
P00576,Steven Rogers,67,Female,B Negative,Heart Disease,2/11/2026,John Daniel,Walsh LLC Hospital,Aetna,22937.44,473,Elective,2/14/2026,Metformin,Normal
P00316,JAMES HODGES,88,Male,,Asthma,,ELIZABETH FOWLER,Patton-Jenkiins Hospital,Humana,47273.8,522,Elective,9/2/2026,Aspirin,Inconclusive
P00895,Kevin Saunders,77,Male,A+,Asthma,6/21/2025,John Pierce,"Smith, Montoya and Evans Hospital",Aetna,26487.05,225,Emergency,6/24/2025,Paracetamol,Inconclusive
P00231,Emily Douglas,77,Female,O Positive,MIGRAINE,12/23/2025,William Baker,"Brewer, Bryant and Hickman Hospital",Humana,24974.14,595,Elective,26-12-2025,Metformin,Inconclusive
P00810,Joshua Howard,44,Female,B-,Arthritis,3/21/2026,Danny Morgan,"Wright, Garcia and Deleon Hospital",Medicare,37661.37,129,Elective,4/2/2026,Amlodipine,Abnormal
P00699,Jeremy Horne MD,41,Female,A+,Obesity,2/17/2025,Carol Tucker,Johnson-Carlson Hospital,Blue Cross,39824.53,458,Elective,2/27/2025,Penicillin,Inconclusive
P00830,Tamara Sanchez,16,Male,A-,Hypertension,2/16/2025,Connor West,Torres-Pope Hospital,Blue Cross,20519.11,111,Urgent,3/3/2025,Lipitor,Inconclusive
P00712,Tiffany Curtis,93,Male,b+,Heart Disease,3/15/2025,Richard Aguirre,Patton-Jenkins Hospital,Blue Cross,26399.9,543,Urgent,3/28/2025,Aspirin,Normal
P00077,Elizabeth Chapman,71,male,AB+,Heart Disease,5/30/2025,Connorr West,Moore-Bass Hospital,Aetna,11593.92,598,Urgent,6/1/2025,Lipitor,Normal
P00634,Gary Mendez,56,Male,O-,Hypertension,9/8/2024,James Brown,Harris-Walters Hospital,CIGNA,16823.89,235,Emergency,9/28/2024,Aspirin,Inconclusive
P00981,JOSEPH JACKSON,54,M,B+,OBESITY,7/14/2025,JAMES FERRELL,"  Rivera, Johnson and Wiley Hospital  ",Medicare,1940.01,291,emergency,1/8/2025,lipitor,INCONCLUSIVE
P00248,  Kelli Martinez  ,91,Female,B+,Asthma,7/8/2026,  Justin Baker  ,Harris-Walters Hospital,Humana,38057.78,130,Urgent,7/27/2026,Aspirin,Inconclusive
P00820,DOUGLAS BAKER,50,Female,ab-,Arthritis,11/20/2024,HOLLY WOOD,Walker Ltdd Hospital,Medicaid,29690.37,408,Urgent,12/9/2024,Ibuprofen,Normal
P00983,Taylor Dunn,84,Male,AB-,Hypertension,8/1/2025,Cassandra Gaines,May-Ross Hospital,UnitedHealthcare,3480.76,453,Elective,8/4/2025,Amlodipine,Normal
P00477,CHRISTINA OSBORN,91,male,AB-,Heart Disease,5/18/2025,ANGELA LOPEZ,  Ross LLC Hospital  ,Aetna,"$28,215.45 ",195,emergency,5/31/2025,Lipitor,ABNORMAL
P00671,Tracie Mcdaniel,52,Female,B+,CANCER,6/3/2025,Danny Morgan,Anderson-Bailey Hospital,Aetna,21285.81,536,Emergency,23-06-2025,Ibuprofen,Abnormal
P00086,Samantha Morse,12,Female,A-,Hypertension,3/27/2026,Timothy Duncan,"Garcia, Humphrey and Baker Hospital",Medicaid,"$54,859.71 ",253,Emergency,4/6/2026,Paracetamol,Abnormal
P00470,LUIS ELLIS JR.,95,Male,B-,Hypertension,2/2/2026,DEBRA DAVIDSON,Johnson-Doyle Hospital,Cigna,34071.83,450,Urgent,2/20/2026,Paracetamol,Normal
P00226,Kelly Bishop MD,32,Female,,Heart Disease,,Michele Williams,"Turner, Riggs and Roman Hospital",CIGNA,14217.64,103,Elective,2/5/2026,Aspirin,Inconclusive
P00775,Jon Martin,85,Male,a-,Migraine,8/29/2025,Connie Lawrence,Davis Group Hospital,Humana,21464.24,180,Elective,9/13/2025,METFORMIN,Inconclusive
P00332,Brittany Barry,73,Female,B+,Arthritis,4/4/2026,Tommy Walter,Anderson-Bailey Hospital,UnitedHealthcare,22800.96,270,Urgent,4/15/2026,Ibuprofen,Abnormal
P00234,Yolanda Gaines,29,Female,AB-,Migraine,1/20/2026,John Daniel,"Rivera, Johnson and Wiley Hospital",Medicaid,37977.71,356,Emergency,2/8/2026,Aspirin,Normal
P00589,DANA RICHARDSON,90,FEMALE,O-,obesity,3/21/2026,BRITTNEY PHILLIPS,"  Turner, Riggs and Roman Hospital  ",Humana,32837.97,256,EMERGENCY,4/6/2026,Amlodipine,
P00476,Douglas Hartman,2,Male,O+,Obesity,3/19/2026,John PPierce,Suarez LLC Hospital,Aetna,25840.36,249,Urgent,3/21/2026,Penicillin,Normal
P00922,Raymond Thompson,47,Male,AB+,Obesity,7/30/2026,Jessica Callahan,Moore-Bass Hospital,Medicaid,20678.97,355,Urgent,7/31/2026,Penicillin,Abnormal
P00876,AMANDA JUAREZ,36,Male,AB+,Diabetes,2/11/2026,JAMES BROWN,"Rivera, Johnson and Wiley Hospital",Aetna,12450.74,469,Urgent,2/23/2026,Metformin,Abnormal
P00600,Erika Chavez,27,Female,O-,Arthritis,6/8/2025,Gabrielle Davis,"Rivera, Johnson and Wiley Hospital",Humana,5191.25,292,Emergency,6/28/2025,Paracetamol,Abnormal
P00422,Matthew Parker,13,Female,AB-,Obesity,3/19/2025,Tommy Walter,Rasmussen LLC Hospital,Cigna,21178.83,221,Elective,3/26/2025,Penicillin,Inconclusive
P00688,George Leon,29,Female,O-,Asthma,3/9/2025,Cassandra Gaines,"Wright, Garcia and Deleon Hospital",UHC,13149.62,526,Urgent,3/24/2025,Metformin,Inconclusive
P00183,TYLER HOFFMAN,12,Male,A+,Asthma,11/28/2024,MARK PEREZ,  Newton and Sons Hospital  ,Aetna,49982.56,528,elective,11/30/2024,Amlodipine,ABNORMAL
P00618,Maria Porter,11,Female,O-,Hypertension,11/16/2025,Eric Carney,Figueroa PLC Hospital,UnitedHealthcare,39856.44,407,Urgent,12/4/2025,Aspirin,Inconclusive
P00333,Emily Long,36,M,B+,Asthma,12/5/2024,Connor West,Anderson-Bailey Hospital,Blue Cross,756.89,414,Elective,12/7/2024,Metformin,Abnormal
P00439,Kelly Allen,55,Male,AB+,Obesity,1/3/2025,James Brown,Walsh LLC Hospital,United Healthcare,14832.43,196,Emergency,1/11/2025,Ibuprofen,Normal
P00050,ANDREA HOLLAND,55,Male,O-,Asthma,9/18/2025,ABIGAIL SHAFFER,Williams-Cook Hospital,UnitedHealthcare,5075.14,267,Emergency,9/19/2025,Penicillin,Abnormal
P00883,JARED ROTH,20,Male,a+,Obesity,8/6/2026,WILLIAM BAKER,  Moore-Bass Hospital  ,AETNA,18580.72,522,emergency,8/16/2026,PARACETAMOL,
P00003,Katie Estrada,46,Male,AB+,Hypertension,11/24/2024,Megan Young,"Garcia, Humphrey and Baker Hospital",Medicare,9364.65,473,Emergency,12/6/2024,Ibuprofen,Abnormal
P00530,Ryan Long,46,Male,AB Positive,Diabetes,4/17/2025,Rebecca Henderson,Johnson-Doyle Hospital,Medicaid,45231.05,402,Elective,5/5/2025,Metformin,Abnormal
P00235,  Katie Smith  ,54,Male,a-,Asthma,11/1/2024,  Angelica Tucker  ,"Patterson, Smith and Jones Hospital",CIGNA,6197.94,333,Emergency,11/17/2024,LIPITOR,Abnormal
P00487,Maria Rasmussen,29,Male,b-,Hypertension,10/10/2025,Ethan Adams,Patton-Jenkins Hospital,,52285.79,415,Elective,10/19/2025,,Abnormal
P00910,Brian Simmons,52,Female,b+,Heart Disease,4/4/2026,John Pierce,Torres-Pope Hospital,Humana,47315.68,419,Elective,4/16/2026,Aspirin,Normal
P00498,JOEL SALINAS,27,Male,B+,Asthma,4/23/2025,GINA MOORE,Nolan-Flynn Hospital,Aetna,34760.63,174,Emergency,5/13/2025,Metformin,Inconclusive
P00904,KAREN MACK,90,Male,AB-,Migraine,7/4/2025,JESSICA CALLAHAN,Suarez LLCC Hospital,MEDICARE,53574.87,513,Emergency,7/16/2025,Paracetamol,Inconclusive
P00107,Nicole Taylor,42,Female,AB+,Heart Disease,1/11/2025,Jessica Callahan,White-Estes Hospital,UnitedHealthcare,30385.43,150,Urgent,1/30/2025,Paracetamol,Inconclusive
P00444,Mark Warner,5,Male,O-,Hypertension,5/27/2025,Tracy House,Harris-Walters Hospital,UnitedHealthcare,13970.34,299,Urgent,6/11/2025,Aspirin,Abnormal
P00489,Kristin Watts,91,male,A-,Heart Disease,3/2/2025,Brent Jordan,"BREWER, BRYANT AND HICKMAN HOSPITAL",Blue Cross,29125.06,365,Urgent,2/21/2025,Penicillin,Inconclusive
P00647,Gregory Flores,50,Female,AB-,Hypertension,4/24/2025,James  Brown,Davis Group Hospital,Humana,"$14,287.57 ",326,Elective,5/2/2025,Paracetamol,Abnormal
P00013,Anna Crane,63,M,A-,arthritis,12/23/2025,Brittany Farmer,Davis Group Hospital,AETNA,33142.48,223,URGENT,12/24/2025,Paracetamol,Normal
P00739,Michael Anderson,150,Male,b+,Diabetes,9/12/2025,Timothy Duncan,Smith PLC Hospital,Cigna,49009.56,412,Urgent,9/23/2025,PENICILLIN,Normal
P00727,brittany gay,-5,Female,A+,Diabetes,6/22/2025,Ethan Adams,Hancock and Sons Hospital,medicare,-35731.16,558,Urgent,6/27/2025,Metformin,Abnormal
P00191,Phillip Dorsey,68,Female,A-,HYPERTENSION,9/15/2024,Gina MMoore,Rasmussen LLC Hospital,Medicare,29140.11,203,Urgent,18-09-2024,Lipitor,Normal
P00953,BRIAN WARD,49,Female,B+,Asthma,30-12-2025,AMY SILVA,"SHIELDS, COCHRAN AND ADAMS HOSPITAL",Aetna,"$37,991.73 ",164,elective,1/10/2026,Amlodipine,NORMAL
P00833,  Kayla Hicks  ,27,M,B+,Asthma,6/9/2025,  Allison Hill  ,RASMUSSEN LLC HOSPITAL,UnitedHealthcare,41566.2,509,Elective,9/10/2025,Paracetamol,normal
P00283,Andre Allison,18,Male,A+,Diabetes,2/24/2026,Zachary Hicks,"Turner, Riggs and Roman Hospital",Blue Cross,44312.37,521,Elective,2/28/2026,Aspirin,Inconclusive
P00030,Laura Woods,10,Male,A+,Arthritis,9/8/2024,Amy Silva,Rasmussen LLC Hospital,Blue Cross,1027,320,Emergency,9/26/2024,Paracetamol,Abnormal
P00170,  Jodi Walker  ,13,Female,AB-,Arthritis,5/16/2025,  Whitney Peters  ,Nolan and Sons Hospital,Humana,6975.2,173,Emergency,6/5/2025,Lipitor,Inconclusive
P00181,Kara Davis,86,M,,,,Lisa Hensley,Hancock and Sons Hospital,CIGNA,,,,7/31/2026,PARACETAMOL,Inconclusive
P00101,Kari Johnson,,M,A+,ARTHRITIS,3/23/2025,James Ferrell,"Turner, Riggs and Roman Hospital",Humana,35472.89,389,Emergency,30-03-2025,paracetamol,Inconclusive
P00198,Jose Reed,3,Male,B-,Hypertension,6/23/2025,Lisa Hensley,White-Estes Hospital,Aetna,34013.31,328,Urgent,7/7/2025,Metformin,Inconclusive
P00496,brian marsh,-5,Male,,Heart Disease,,Donald Wright,Ross LLC Hospital,Humana,692.54,102,Urgent,9/17/2024,Penicillin,Normal
P00722,COURTNEY WALKER,53,Female,A-,Cancer,6/13/2026,LISA JACKSON,Nolan and Sons Hospital,Medicare,17101.4,186,Emergency,6/18/2026,Lipitor,Abnormal
P00648,Samantha Santiago,31,Female,B-,Asthma,12/3/2025,Timothy Duncan,"Mckee, Gardner and Davenport Hospital",Humana,16898.4,492,Urgent,12/12/2025,Penicillin,Normal
P00986,Susan Olson,14,Female,A+,Heart Disease,12/5/2025,Jessica Holmes,Smith PLC Hospital,Aetna,13972.73,253,Elective,12/9/2025,Penicillin,Normal
P00940,Justin White,33,Male,B-,Obesity,2/23/2026,Jessica Holmes,Suarez LLC Hospital,medicare,50767.97,506,Urgent,3/8/2026,Aspirin,Normal
P00711,Mr. Donald Nguyen,71,Female,A-,DIABETES,1/7/2026,Mark Perez,"Rodriguez, Brennan and Garrison Hospital",Medicare,613.67,258,Urgent,23-01-2026,Penicillin,Abnormal
P00374,Derek Rivera,66,Female,O-,Diabetes,6/1/2025,Cassandra Gaines,Campbell-Clark Hospital,Cigna,28529.84,363,Emergency,6/13/2025,Paracetamol,Normal
P00679,Kristen Gates,34,Female,B+,Cancer,10/27/2024,Tommy Walter,Anderson-Bailey Hospital,Medicaid,34497.67,409,Elective,11/11/2024,Amlodipine,Inconclusive
P00891,Thomas Black,30,Female,A-,MIGRAINE,12/10/2024,Carol Tucker,May-Ross Hospital,Humana,29519.86,455,Urgent,26-12-2024,Ibuprofen,Inconclusive
P00649,Adam Clark,63,female,o+,arthritis,9/2/2026,Shannon Jones,SUAREZ LLC HOSPITAL,,47721.23,182,,2/18/2026,,Inconclusive
P00798,James Cooper,25,Male,A+,Arthritis,1/13/2026,Connor West,Dickson-Brady Hospital,UnitedHealthcare,11166.51,581,Elective,1/29/2026,Metformin,Abnormal
P00848,SARAH PHILLIPS,79,Male,A+,Migraine,2/21/2026,JAMES BROWN,Nolan-Flynn Hospital,Blue Cross,22598.19,478,Urgent,2/25/2026,Amlodipine,Inconclusive
P00461,Brandon Hahn,58,Female,A Positive,DIABETES,6/5/2025,Sherri Baker,White-Estes Hospital,Aetna,52910.02,365,Emergency,17-06-2025,aspirin,Normal
P00414,GARY MILLER,66,Female,AB+,Heart Disease,6/4/2025,JOSHUA BLAIR,May-Ross Hospital,UnitedHealthcare,52112.34,494,Emergency,6/15/2025,Amlodipine,Abnormal
P00132,Joyce Turner,63,Male,B-,Asthma,7/29/2026,Carla Gray,"Ferrell, Jones and Lewis Hospital",Cigna,52147.92,532,Emergency,8/9/2026,Lipitor,Inconclusive
P00040,  Courtney Jones  ,57,Male,O-,Asthma,10/2/2024,  Monica Herrera  ,Figueroa PLC Hospital,MEDICARE,25841.86,439,Urgent,10/13/2024,Lipitor,Abnormal
P00435,TAYLOR DURHAM,90,Male,O-,Migraine,10/8/2024,CAROL TUCKER,  Ross LLC Hospital  ,Cigna,7863.76,565,elective,10/23/2024,Penicillin,INCONCLUSIVE
P00216,Maria Downs,56,Female,A-,Diabetes,1/4/2026,Anthony Rodriguez,Harris-Walters Hospital,Humana,5006.39,454,Urgent,1/10/2026,Penicillin,Abnormal
P00556,Danielle Burke,83,Male,,Arthritis,2/22/2025,Monica Herrera,"Shields, Cochran and Adams Hospital",Humana,34958.85,492,Elective,,Metformin,Normal
P00567,Kimberly Hernandez,23,Male,B+,Heart Disease,6/15/2025,Steve Sanchez,Anderson-Bailey Hospital,Medicaid,13539.33,523,Elective,6/29/2025,Aspirin,Abnormal
P00763,Javier Mercado,20,Female,B-,Cancer,1/11/2026,Justin Baker,"Rodriguez, Brennan and Garrison Hospital",Blue Cross Blue Shield,54415.47,364,Urgent,1/28/2026,Amlodipine,Inconclusive
P00475,Mackenzie Faulkner,68,Male,AB+,Asthma,4/15/2025,Gina Moore,Figueroa PLC Hospital,Blue Cross Blue Shield,49879.2,504,Urgent,5/4/2025,Lipitor,Abnormal
P00457,Darren Tran,94,M,AB+,hypertension,20-03-2026,Stephaniie Ross,WALKER LTD HOSPITAL,AETNA,29331.64,151,URGENT,3/29/2026,Ibuprofen,Inconclusive
P00812,Jasmine Dixon,88,Female,O+,Cancer,2/4/2025,Allison Hill,"Mckee, Gardner and Davenport Hospital",Aetna,25129.54,424,Elective,2/16/2025,Amlodipine,Normal
P00261,  Harry Duncan  ,41,male,B-,OBESITY,3/25/2025,  Monica Herrera  ,Davis Group Hospital,Medicare,52997.05,407,Urgent,6/4/2025,metformin,Inconclusive
P00817,Holly Chapman,69,F,A-,arthritis,1/12/2025,Zachary Hicks,MAY-ROSS HOSPITAL,Humana,"$36,768.46 ",573,URGENT,12/5/2025,Paracetamol,inconclusive
P00036,JEFFREY CAMACHO,94,Female,O+,Hypertension,12/22/2025,ERIC CARNEY,May-Ross Hospital,Blue Cross,24183.72,230,Emergency,1/11/2026,Metformin,Abnormal
P00828,Karen Hoffman,23,Male,A-,Arthritis,7/20/2026,Sarah Moore,Johnson-Doyle Hospital,Blue Cross,53591.65,421,Urgent,8/1/2026,Penicillin,Normal
P00310,Patricia Baker,74,Male,A-,Heart Disease,10/23/2024,Ethan Adams,"Garcia, Humphrey and Baker Hospital",Blue Cross Blue Shield,49574.8,513,Emergency,11/11/2024,Ibuprofen,Normal
P00277,Jeffrey Carney,30,F,AB Negative,heart disease,10/24/2024,Monica Herrera,"Rivera, Johnson and Wiley Hospital",AETNA,5569.95,358,EMERGENCY,11/2/2024,Metformin,Abnormal
P00637,Joseph Diaz,71,M,A+,asthma,12/6/2024,Lauren Daniels,Gonzalez Group Hospital,BlueCross,25200.96,438,URGENT,12/23/2024,Penicillin,Abnormal
P00655,Brian Peterson,48,Male,A-,Diabetes,9/8/2024,Carol Tucker,Johnson-Doyle Hospital,Humana,5353.84,571,Elective,9/13/2024,Amlodipine,Inconclusive
P00623,Devin Johnson,63,Female,B-,Asthma,10/12/2025,Daniel Wagner,Suarez LLC Hospital,Medicaid,7159.36,127,Emergency,10/16/2025,Penicillin,Inconclusive
P00836,Christine Soto,89,Female,AB-,Cancer,9/18/2025,Lisa Hensley,"Brewer, Bryant and Hickman Hospital",Blue Cross,31950.4,118,Emergency,9/23/2025,Ibuprofen,Abnormal
P00845,Donna Jennings,46,F,AB+,Obesity,5/13/2025,Shannon Jones,Walker Ltd Hospital,Medicaid,24423.32,551,Emergency,5/19/2025,Aspirin,Inconclusive
P00394,Victor Baxter,29,Female,AB-,Arthritis,5/27/2025,Connor West,"Rodriguez, Brennan and Garrison Hospital",Medicare,53510.74,103,Urgent,6/9/2025,Ibuprofen,Abnormal
P00949,Paul Anderson,9,FEMALE,A-,migraine,9/2/2025,Elizabeth Fowler,Walsh LLC Hospital,CIGNA,35640.27,485,ELECTIVE,9/13/2025,Penicillin,Normal
P00108,Sarah Morgan,28,Female,O-,Cancer,10/15/2024,Crystal Robinson,"Tran, Jordan and Williams Hospital",Humana,39785.78,332,Elective,11/2/2024,Penicillin,Inconclusive
P00956,Holly Morales,64,Male,B-,Diabetes,6/27/2025,Stephanie Ross,"Shields, Cochran and Adams Hospital",Humana,4595.37,297,Emergency,6/30/2025,Penicillin,Normal
P00525,Linda Jackson,44,Male,B+,Hypertension,10/15/2025,Lauren Daniels,Gonzalez Group Hospital,Aetna,31413.01,403,Urgent,10/29/2025,Penicillin,Abnormal
P00785,BRENT HOPKINS,41,M,O+,Cancer,17-05-2025,BRENT JORDAN,WAGNER-KING HOSPITAL,Aetna,22416.6,436,elective,5/18/2025,Metformin,INCONCLUSIVE
P00048,Elizabeth Sutton,39,Female,O+,Cancer,2/18/2025,Connor West,Wagner-King Hospital,Cigna,51879.42,323,Elective,2/19/2025,Paracetamol,Abnormal
P00204,JAMES HARMON,12,Male,A+,Obesity,12/26/2025,JOSHUA BLAIR,White-Estes Hospital,Medicare,46668.77,120,Emergency,1/10/2026,Ibuprofen,Inconclusive
P00936,karen scott,41,Female,B+,Asthma,6/11/2026,Elizabeth Fowler,"Cunningham, Stewart and Green Hospital",Blue Cross,"$20,951.36 ",437,Urgent,6/25/2026,Metformin,Inconclusive
P00632,Tracy Weaver,55,Female,AB+,Diabetes,4/28/2026,Victoria Garcia,"Rivera, Johnson and Wiley Hospital",Aetna,25619.56,262,Elective,4/30/2026,Lipitor,Abnormal
P00022,STEPHANIE SIMMONS,63,Male,B-,Obesity,7/14/2025,STEPHANIE ROSS,Smith PLC  Hospital,MEDICARE,36571.99,476,Urgent,8/1/2025,Paracetamol,Inconclusive
P00403,Joshua Webster,18,Female,O-,Cancer,9/26/2024,Monica Herrera,Figueroa PLC Hospital,Medicare,5825.57,548,Urgent,10/15/2024,Penicillin,Abnormal
P00084,Brian Walker,59,Male,B+,Migraine,4/4/2026,Carla Gray,"Ferrell, Jones and Lewis Hospital",UnitedHealthcare,29164.33,500,Elective,4/8/2026,Aspirin,Inconclusive
P00131,  Victoria Evans  ,43,Male,A-,MIGRAINE,10/17/2024,  Amber Kidd  ,Nolan and Sons Hospital,Aetna,21029.02,285,Elective,4/11/2024,Ibuprofen,Normal
P00416,Larry Williams,53,Female,A+,Obesity,10/1/2024,James Ferrell,Figueroa PLC Hospital,Aetna,44108.8,304,Urgent,10/9/2024,Metformin,Abnormal
P00996,Cole Jones,48,Male,B+,Arthritis,9/17/2025,Michele Williams,Patton-Jenkins Hospital,UnitedHealthcare,24563.3,168,Urgent,9/20/2025,Lipitor,Inconclusive
P00842,Jared Stewart,40,Female,A-,Arthritis,6/18/2025,Lauren Daniels,Figueroa PLC Hospital,Medicare,29192.92,238,Urgent,6/24/2025,Paracetamol,Normal
P00742,  Jonathan Martinez  ,77,Male,B-,Asthma,1/26/2025,  Amber Kidd  ,Williams-Cook Hospital,CIGNA,6096.59,315,Elective,1/30/2025,Metformin,Inconclusive
P00698,Thomas Maldonado,150,Male,B+,Diabetes,7/30/2025,Tracy House,Figueroa PLC Hospital,UnitedHealthcare,"$24,156.94 ",305,Urgent,8/5/2025,Metformin,Inconclusive
P00287,jacob edwards,71,Female,A+,Hypertension,10/20/2024,  Jeffrey Chavez  ,"Wright, Garcia and Deleon Hospital",Blue Cross,-27689.59,314,Emergency,10/30/2024,Metformin,Inconclusive
P00124,Ashlee Jackson,150,Female,AB-,Asthma,3/3/2026,Timothy Duncan,"Ferrell, Jones and Lewis Hospital",UHC,24965.34,326,Urgent,3/22/2026,Aspirin,Abnormal
P00034,misty pittman,-5,Male,O+,Arthritis,12/26/2025,Jeffrey Chavez,"Ferrell, Jones and Lewis Hospital",Humana,12649.33,242,Elective,1/3/2026,Metformin,Inconclusive
P00988,JOSEPH CHANG,95,Male,O-,Heart Disease,12/16/2024,CASSANDRA GAINES,Figueroa PLLC Hospital,Medicaid,9807.26,151,Urgent,12/24/2024,Penicillin,Abnormal
P00517,Jorge Armstrong III,19,Female,B-,asthma,3/12/2026,Ryan Munoz,"Patterson, Smith and Jones Hospital",medicare,17857.43,556,ELECTIVE,3/30/2026,Lipitor,Abnormal
P00924,  Richard Dixon  ,49,Female,O+,Obesity,9/7/2025,  Lisa Barnes  ,Suarez LLC Hospital,Aetna,30080.58,512,Emergency,9/13/2025,Paracetamol,Inconclusive
P00020,Casey Marshall,10,Female,A-,Diabetes,6/26/2026,Williamm Baker,"Cunningham, Stewart and Green Hospital",Aetna,25713.23,574,Emergency,7/5/2026,Ibuprofen,Abnormal
P00937,  Connie Haynes  ,44,Female,o-,diabetes,31-05-2025,  Margaret Hawkins DDS  ,WALKER LTD HOSPITAL,Medicaid,6887.79,230,,6/2/2025,IBUPROFEN,Inconclusive
P00220,Matthew Madden,35,Female,O-,Cancer,5/21/2025,Philip Cannon,Rasmussen LLC Hospital,UnitedHealthcare,2114.6,321,Emergency,6/1/2025,Metformin,Inconclusive
P00892,marcia johns,-5,Male,a+,Arthritis,6/17/2025,Whitney Peters,"Rodriguez, Brennan and Garrison Hospital",,13318.02,571,Emergency,6/20/2025,Paracetamol,Abnormal
P00346,Kimberly Lowe,57,Female,,Arthritis,7/27/2025,Anthony Humphrey,Newton and Sons Hospital,Aetna,18412.02,305,Elective,8/2/2025,Penicillin,Abnormal
P00482,  Jerry Harper  ,40,Male,O+,Asthma,6/30/2025,  Brittney Phillips  ,"Garcia, Humphrey and Baker Hospital",Cigna,47511.03,134,Urgent,,Lipitor,Inconclusive
P00932,GINA WILSON,80,Male,O+,Diabetes,10/7/2025,HOLLY WOOD,"Shields, Cochran and Adams Hospital",Medicaid,8841.15,423,Elective,10/26/2025,Ibuprofen,Normal
P00357,David Garcia,79,M,B-,Hypertension,6/17/2026,Jessica Holmes,Harris-Walters Hospital,UnitedHealthcare,6329.4,522,Emergency,7/1/2026,Metformin,Abnormal
P00662,Anthony Smith Jr.,68,Female,B+,Obesity,9/30/2025,Dylan Miller,"Mckee, Gardner and Davenport Hospital",Aetna,17793.8,165,Elective,10/3/2025,Amlodipine,Abnormal
P00225,MATTHEW WILLIAMS,64,male,A-,Asthma,13-08-2026,MICHAEL LEWIS,WALSH LLC HOSPITAL,UnitedHealthcare,16911.65,253,elective,8/22/2026,Amlodipine,NORMAL
P00760,steven friedman,-5,Female,B Negative,Hypertension,12/11/2025,Brian Ramirez,"Ferrell, Jones and Lewis Hospital",CIGNA,30292.53,119,Urgent,12/28/2025,Ibuprofen,Abnormal
P00093,Jessica Olsen DVM,94,male,A Negative,Obesity,3/16/2025,Fred Smith,Hancock and Sons Hospital,Blue Cross,32086.77,202,Emergency,3/18/2025,Amlodipine,Inconclusive
P00152,Julie Haynes,20,Female,AB-,Arthritis,12/11/2025,Timothy Duncan,"Ferrell, Jones and Lewis Hospital",Medicare,2265,170,Urgent,12/30/2025,Aspirin,Abnormal
P00995,DENISE WONG,23,Female,O+,Hypertension,11/16/2025,GINA MOORE,  Johnson-Carlson Hospital  ,Cigna,6246.03,158,emergency,11/24/2025,Amlodipine,INCONCLUSIVE
P00318,Anthony Dougherty,9,Female,O+,Asthma,7/19/2025,Carol Tucker,May-Ross Hospital,Aetna,43636.23,188,Emergency,8/5/2025,Amlodipine,Normal
P00449,CASSIE JEFFERSON,83,Female,O-,Cancer,25-09-2025,ANGIE HENDERSON,"WRIGHT, GARCIA AND DELEON HOSPITAL",Cigna,54001.33,470,emergency,10/6/2025,Aspirin,NORMAL
P00804,michelle hodges,45,Male,AB+,Cancer,9/25/2025,Jessica Holmes,"Patterson, Smith and Jones Hospital",Aetna,35171.82,186,Elective,9/29/2025,Paracetamol,Normal
P00746,David Miles,86,Female,O-,Arthritis,7/15/2025,Amy Silva,May-Ross Hospital,Cigna,19114.58,415,Elective,7/18/2025,Penicillin,Abnormal
P00523,Lisa Patterson,66,Male,o+,Hypertension,1/10/2026,Fred Smith,Rasmussen LLC Hospital,Medicaid,31819.97,136,Elective,1/30/2026,LIPITOR,Abnormal
P00280,Nicholas Buck,16,Female,b-,Heart Disease,7/15/2025,Brittany Farmer,"Shields, Cochran and Adams Hospital",Cigna,17614.81,536,Emergency,7/30/2025,Paracetamol,Normal
P00584,erica mckenzie,90,Male,B-,Arthritis,2/22/2025,Philip Cannon,Walsh LLC Hospital,Medicare,47976.66,448,Elective,3/13/2025,Aspirin,Normal
P00765,Thomas Webb,72,M,AB-,Asthma,5/4/2026,Lauren Daniels,"Turner, Riggs and Roman Hospital",Cigna,25023.47,582,Urgent,5/19/2026,Paracetamol,Abnormal
P00605,Lindsey Lewis,8,Male,AB-,Heart Disease,4/4/2025,Derek Zuniga,Nolan-Flynn Hospital,Blue Cross,9375.17,127,Elective,4/13/2025,Aspirin,Abnormal
P00994,Kellie Marsh,94,Male,B-,Hypertension,10/21/2024,Michele Williams,Gonzalez Group Hospital,Medicaid,2948.64,343,Elective,10/24/2024,Amlodipine,Normal
P00350,Justin Michael,74,Male,AB-,Hypertension,8/17/2025,Michael Lewis,Davis Group Hospital,UnitedHealthcare,42330.32,277,Urgent,9/3/2025,Metformin,Inconclusive
P00928,Tamara Dunn,54,Male,a+,Diabetes,9/5/2024,Carla Gray,Nolan and Sons Hospital,Humana,49560.21,518,Urgent,9/6/2024,Amlodipine,Inconclusive
P00375,deborah ward,81,Male,B-,Cancer,10/24/2025,Shannon Jones,Suarez LLC Hospital,Blue Cross,-29559.72,375,Urgent,11/11/2025,Metformin,Abnormal
P00401,Austin Wheeler,,MALE,O-,ASTHMA,6/5/2026,Megan Young,ROSS LLC HOSPITAL,Humana,2793144,100,Urgent,23-06-2026,metformin,abnormal
P00705,robert walker,67,MALE,AB-,Heart Disease,29-11-2024,Lisa Hensley,"SMITH, MONTOYA AND EVANS HOSPITAL",Medicaid,-6234.87,317,Elective,12/7/2024,Paracetamol,normal
P00258,David Fowler,30,Female,A-,Hypertension,2/14/2025,Michele Williams,"Mckee, Gardner and Davenport Hospital",Cigna,26534.66,551,Elective,2/19/2025,Ibuprofen,Abnormal
P00945,Tyler Vasquez,73,F,B-,Hypertension,20-11-2024,Eric Carney,FIGUEROA PLC HOSPITAL,Medicare,12150.6,208,Urgent,12/1/2024,Ibuprofen,normal
P00852,Angela Clark,1,Female,AB Negative,Obesity,6/9/2025,Philip Cannon,Suarez LLC Hospital,Aetna,3633.57,279,Urgent,,Ibuprofen,Abnormal
P00073,Austin Vasquez,87,FEMALE,a+,asthma,16-05-2026,Victoria Garcia,WALKER LTD HOSPITAL,Medicaid,52317.85,326,,6/4/2026,IBUPROFEN,Inconclusive
P00196,  Paul Williams  ,17,Male,,Diabetes,6/1/2026,  Elizabeth Fowler  ,"Shields, Cochran and Adams Hospital",Medicaid,21921.7,468,Urgent,6/19/2026,Penicillin,Inconclusive
P00484,WARREN MILES,14,Male,B Positive,Diabetes,6/26/2025,STEVE SANCHEZ,Johnson-Carlsson Hospital,CIGNA,42961.38,410,Urgent,7/1/2025,Lipitor,Normal
P00856,Wanda Dunn,18,Female,,Arthritis,,Cristiann Santos,"Garcia, Humphrey and Baker Hospital",Medicaid,16027.04,201,Elective,10/10/2024,Metformin,Abnormal
P00138,Connor King,65,Female,B-,Migraine,4/3/2026,Monica Herrera,Nolan and Sons Hospital,Blue Cross,3402.5,114,Elective,4/17/2026,Paracetamol,Inconclusive
P00495,  Andrew Page  ,23,Male,O+,Obesity,7/21/2025,  Brittany Farmer  ,Patton-Jenkins Hospital,Cigna,47850.61,420,Emergency,7/27/2025,Paracetamol,Normal
P00773,Brittany Serrano,73,F,O-,Heart Disease,12/23/2025,Lauren Daniels,"Brewer, Bryant and Hickman Hospital",Medicaid,18424.58,146,Elective,1/9/2026,Metformin,Abnormal
P00551,andrea elliott,,Female,AB+,ASTHMA,12/6/2025,Timothy Duncan,"Ferrell, Jones and Lewis Hospital",UnitedHealthcare,-21678.18,575,Emergency,19-12-2025,Lipitor,Abnormal
P00463,KAYLA GARCIA,-5,Male,AB+,Arthritis,7/6/2025,AMY SILVA,  Davis Group Hospital  ,Blue Cross,-25590.15,231,elective,7/8/2025,Paracetamol,
P00202,Jonathan Jordan,53,Male,AB+,Migraine,3/24/2025,Tommy Walter,Ross LLC Hospital,UHC,38448.81,223,Emergency,4/4/2025,Aspirin,Inconclusive
P00313,  Jennifer Chavez  ,76,MALE,A-,hypertension,20-02-2025,  Sherri Baker  ,ROSS LLC HOSPITAL,Cigna,8576.89,549,ELECTIVE,2/25/2025,Aspirin,Abnormal
P00291,Chad Jones,50,Female,B+,ASTHMA,8/24/2026,Rebecca Henderson,"Rivera, Johnson and Wiley Hospital",Cigna,46634.53,512,Urgent,12/9/2026,Metformin,Abnormal
P00961,Kimberly Stewart,48,Male,,,6/8/2026,Shannon Jones,CAMPBELL-CLARK HOSPITAL,CIGNA,,,ELECTIVE,6/10/2026,ibuprofen,inconclusive
P00190,MARY STEELE,78,Female,o+,Heart Disease,10/5/2025,JAMES BROWN,Harris-Walteers Hospital,,41251.55,226,Urgent,10/20/2025,Amlodipine,Inconclusive
P00764,NICHOLAS JARVIS,60,Female,A-,Arthritis,12/24/2024,MATTHEW FOSTER,Johnson-Doyle Hospital,Humana,39876.81,582,Urgent,1/8/2025,Penicillin,Normal
P00113,JENNIFER FLORES,72,Male,AB+,Diabetes,31-05-2025,TOMMY WALTER,WALSH LLC HOSPITAL,Medicaid,37286.23,490,elective,6/20/2025,Aspirin,ABNORMAL
P00950,  Todd Johnson  ,64,Male,O+,Obesity,9/13/2025,  Brent Jordan  ,Gonzalez Group Hospital,Humana,42716.43,428,Emergency,10/1/2025,Amlodipine,Abnormal
P00184,Shane Pugh,38,Male,A+,Obesity,12/27/2025,Brittney Phillips,White-Estes Hospital,AETNA,51545.18,575,Elective,1/2/2026,Aspirin,Abnormal
P00153,Andrew Johnson,32,MALE,A+,Asthma,12/12/2025,Donald  Wright,WALKER LTD HOSPITAL,UnitedHealthcare,35901.06,567,Urgent,12/23/2025,Paracetamol,Abnormal
P00825,Kelly Hartman,51,FEMALE,A-,Obesity,13-09-2025,Sherri Baker,CAMPBELL-CLARK HOSPITAL,Medicaid,54472.13,538,Urgent,9/29/2025,Penicillin,Normal
P00326,  Anthony Hoffman  ,92,Female,B-,Asthma,6/15/2025,  Tracy House  ,Davis Group Hospital,Aetna,14732.51,512,Urgent,6/24/2025,Penicillin,Inconclusive
P00704,Melanie Wells,75,Male,AB-,Obesity,5/19/2026,Sherri  Baker,May-Ross Hospital,Medicaid,44393.62,171,Urgent,,Penicillin,Inconclusive
P00045,eric lane,67,Female,B-,Obesity,3/16/2026,Timothy Duncan,"Ferrell, Jones and Lewis Hospital",Medicaid,-42236.85,246,Emergency,3/25/2026,Aspirin,Abnormal
P00445,Maria Rivera,6,MALE,AB+,heart disease,10/24/2024,Elizabeth Fowler,Campbell-Clark Hospital,CIGNA,34789.45,554,EMERGENCY,,Amlodipine,Inconclusive
P00788,Natalie Ortiz,75,Female,O+,Cancer,8/19/2025,Jessica Callahan,"Rivera, Johnson and Wiley Hospital",Medicaid,33665.07,106,Emergency,8/20/2025,Paracetamol,Inconclusive
P00007,Kristen Lee,82,Male,AB-,Diabetes,4/20/2025,Anthony Rodriguez,"Brewer, Bryant and Hickman Hospital",Humana,15212.16,261,Elective,5/3/2025,Aspirin,Normal
P00251,Jennifer Sanders,,Female,O+,MIGRAINE,6/2/2026,Richard Aguirre,"Ferrell, Jones and Lewis Hospital",Medicaid,27175.5,506,Emergency,15-06-2026,Penicillin,Inconclusive
P00824,Angel Zimmerman,23,Female,O+,Obesity,3/25/2026,Margaret Hawkins DDS,"Moran, Allen and Foster Hospital",Medicare,50812.1,300,Elective,3/27/2026,Penicillin,Inconclusive
P00076,Lisa Rowe,1,Female,,Diabetes,6/25/2025,Matthew Foster,Walker Ltd Hospital,CIGNA,45458.53,418,Elective,7/12/2025,Metformin,Abnormal
P00513,Justin Delgado,13,M,B-,Diabetes,14-01-2025,Brent Jordan,"WRIGHT, GARCIA AND DELEON HOSPITAL",Medicaid,42436.74,542,Urgent,1/19/2025,Paracetamol,normal
P00941,Kenneth White,63,Female,O-,MIGRAINE,4/11/2025,Angela Lopez,Walsh LLC Hospital,Humana,52480.03,263,Urgent,18-04-2025,paracetamol,Inconclusive
P00392,Monica Stuart,47,Female,O Negative,Heart Disease,12/1/2024,Connie Lawrence,"Brewer, Bryant and Hickman Hospital",Medicaid,"$49,971.07 ",265,Emergency,12/18/2024,Metformin,Inconclusive
P00896,Carol Jennings,24,Female,B+,Obesity,11/23/2025,Victoria Garcia,Hancock and Sons Hospital,Medicaid,8659.59,272,Elective,12/7/2025,Amlodipine,Inconclusive
P00433,Chad Mccoy,20,male,o+,obesity,29-09-2024,Anthony Rodriguez,DAVIS GROUP HOSPITAL,,14803.65,245,,10/3/2024,,normal
P00069,Beth Williams,77,F,AB+,Diabetes,4/2/2025,Anthony Rodriguez,Figueroa PLC Hospital,Medicaid,"$25,052.45 ",244,Urgent,4/16/2025,Amlodipine,Abnormal
P00999,Diane Martinez,88,Female,B-,Cancer,9/10/2024,Lauren Daniels,"Rodriguez, Brennan and Garrison Hospital",Medicare,19068.77,280,Elective,9/13/2024,Lipitor,Inconclusive
P00168,Derek Martinez,2,Male,O+,Asthma,10/29/2025,Nathan Maldonado,Nolan and Sons Hospital,Humana,16073.29,306,Elective,11/14/2025,Paracetamol,Abnormal
P00905,Susan Hood,5,female,B+,Asthma,8/5/2025,John Daniel,ANDERSON-BAILEY HOSPITAL,Medicaid,26493.94,147,Urgent,5/21/2025,Ibuprofen,Normal
P00731,Laura Moore,64,Male,A+,CANCER,1/25/2025,Jessica Holmes,Moore-Bass Hospital,Humana,2505.38,242,Urgent,6/2/2025,Lipitor,Abnormal
P00555,Jeffrey Moody,1,Female,O-,Hypertension,2/9/2026,Brittney Phillips,Ross LLC Hospital,Cigna,29937.02,270,Urgent,2/12/2026,Aspirin,Abnormal
P00367,Martin Warren,70,Male,B-,Obesity,4/26/2025,Richard Aguirre,Newton and Sons Hospital,Medicaid,41653.37,138,Emergency,5/8/2025,Ibuprofen,Inconclusive
P00346,Kimberly Lowe,57,Female,,Arthritis,7/27/2025,Anthony Humphrey,Newton and Sons Hospital,Aetna,18412.02,305,Elective,8/2/2025,Penicillin,Abnormal
P00585,Michael Williams,58,FEMALE,A-,Heart Disease,16-10-2025,James Brown,ROSS LLC HOSPITAL,Cigna,20818.35,331,Urgent,10/19/2025,Aspirin,Inconclusive
P00536,Jennifer Donaldson,36,Female,A-,Hypertension,5/8/2026,James Ferrell,"Rodriguez, Brennan and Garrison Hospital",Medicaid,54105.06,479,Urgent,5/25/2026,Metformin,Normal
P00399,Shaun Cannon,75,Male,AB+,Asthma,12/16/2024,Anthony Humphrey,"Shields, Cochran and Adams Hospital",Medicare,33245.71,402,Emergency,12/30/2024,Ibuprofen,Abnormal
P00186,Jordan Moore,44,Female,B-,Asthma,4/10/2025,Steve Sanchez,Dickson-Brady Hospital,Humana,1267.59,318,Urgent,,Aspirin,Normal
P00349,Dr. Michele Vaughn,63,MALE,O+,heart disease,7/14/2026,Connie Lawrence,"Ferrell, Jones and Lewis Hospital",Cigna,26827.84,435,ELECTIVE,7/19/2026,Paracetamol,Inconclusive
P00616,James Simmons MD,150,Female,,Heart Disease,2/5/2026,Michele Williams,Newton and Sons Hospital,Humana,46895.68,281,Elective,2/22/2026,Penicillin,Normal
P00920,Lee Ramsey,87,Female,AB+,Diabetes,3/5/2025,Richard Aguirre,"Turner, Riggs and Roman Hospital",Medicaid,43664.92,330,Urgent,3/9/2025,Lipitor,Normal
P00212,Tyler Brewer,8,Female,O-,Diabetes,3/15/2026,Allison Hill,Ross LLC Hospital,Medicare,25352.53,310,Emergency,4/1/2026,Paracetamol,Inconclusive
P00580,Patrick Smith,75,Male,O-,Heart Disease,12/30/2025,Derek Zuniga,Dickson-Brady Hospital,Blue Cross Blue Shield,47256.76,504,Elective,1/14/2026,Metformin,Abnormal
P00503,Brian Lambert,41,Female,AB-,Asthma,5/19/2025,Steve Sanchez,May-Ross Hospital,UnitedHealthcare,23774.42,366,Urgent,5/29/2025,Metformin,Abnormal
P00538,Rachel Shannon,38,Female,B+,Diabetes,11/28/2024,Angela Lopez,"Patterson, Smith and Jones Hospital",Medicaid,23445.38,501,Urgent,12/9/2024,Aspirin,Normal
P00197,JEFF LAWSON,32,Female,AB-,Asthma,10/23/2024,JEFFREY CHAVEZ,  Campbell-Clark Hospital  ,Medicaid,45373.14,491,emergency,11/5/2024,Paracetamol,INCONCLUSIVE
P00176,ELIZABETH WAGNER,79,Female,A+,Asthma,5/30/2025,TRACY HOUSE,Harris-Walters Hospital,Medicare,22865.57,266,Urgent,6/6/2025,Penicillin,Inconclusive
